Player,Year,Average of GP,Average of GS,Average of Targets,Average of Receptions,Average of Rec Yds,Average of Rec TDS,Average of Rec Per Game,Average of YPR,Average of YPT,Average of Rush Attempts,Average of Rush Yards,Average of Rush TDs,Average of Rush Y/A,Average of Rush Y/G,Average of Rush A/G,Average of Touches,Average of Scrimmage Yards,Average of Fumbles,Games Played,Games Started,Targets,Receptions,Rec Yds,Rec TDS,Rec Per Game,YPR,YPT,Rush Attempts,Rush Yards,Rush TDs,Rush Y/A,Rush Y/G,Rush A/G,Touches,Scrimmage Yards,Fumbles
Tyreek Hill,2021,15.166666666666666,12.166666666666666,118.0,79.83333333333333,1105.0,9.333333333333334,5.216666666666667,13.866666666666667,9.366666666666665,15.5,119.83333333333333,1.0,7.433333333333333,7.616666666666666,1.0166666666666668,95.33333333333333,1224.8333333333333,1.5,17.0,16.0,159.0,111.0,1239.0,9.0,6.5,11.2,7.8,9.0,96.0,0.0,10.7,5.6,0.5,120.0,1335.0,2.0
Saquon Barkley,2021,11.0,11.0,65.0,47.5,370.5,2.0,3.9749999999999996,8.175,5.824999999999999,164.75,734.25,4.75,3.7750000000000004,55.375,13.75,212.25,1104.75,0.75,13.0,13.0,57.0,41.0,263.0,2.0,3.2,6.4,4.6,162.0,593.0,2.0,3.7,45.6,12.5,203.0,856.0,2.0
Derrick Henry ,2021,14.333333333333334,9.166666666666666,20.833333333333332,15.666666666666666,141.0,0.5,1.2,9.25,7.100000000000001,233.5,1132.8333333333333,10.833333333333334,4.733333333333333,81.98333333333333,17.150000000000002,249.16666666666666,1273.8333333333333,1.8333333333333333,8.0,8.0,20.0,18.0,154.0,0.0,2.3,8.6,7.7,219.0,937.0,10.0,4.3,117.1,27.4,237.0,1091.0,1.0
Josh Jacobs,2021,14.333333333333334,14.0,45.333333333333336,35.666666666666664,250.66666666666666,0.0,2.4333333333333336,7.3,5.599999999999999,244.0,1029.0,9.333333333333334,4.233333333333333,72.53333333333333,17.099999999999998,279.6666666666667,1279.6666666666667,1.6666666666666667,15.0,14.0,64.0,54.0,348.0,0.0,3.6,6.4,5.4,217.0,872.0,9.0,4.0,58.1,14.5,271.0,1220.0,2.0
Nick Chubb,2021,14.5,12.75,30.25,23.0,187.75,0.75,1.5749999999999997,8.325,6.525,227.0,1204.0,9.0,5.324999999999999,83.625,15.675,250.0,1391.75,1.5,14.0,14.0,25.0,20.0,174.0,1.0,1.4,8.7,7.0,228.0,1259.0,8.0,5.5,89.9,16.3,248.0,1433.0,2.0
Rhamondre Stevenson,2021,12.0,2.0,18.0,14.0,123.0,0.0,1.2,8.8,6.8,133.0,606.0,5.0,4.6,50.5,11.1,147.0,729.0,2.0,12.0,2.0,18.0,14.0,123.0,0.0,1.2,8.8,6.8,133.0,606.0,5.0,4.6,50.5,11.1,147.0,729.0,2.0
Aaron Jones,2021,13.8,11.4,49.8,36.6,289.6,2.4,2.6,7.0200000000000005,5.140000000000001,164.4,832.6,8.2,5.16,59.6,11.7,201.0,1122.2,1.6,15.0,15.0,65.0,52.0,391.0,6.0,3.5,7.5,6.0,171.0,799.0,4.0,4.7,53.3,11.4,223.0,1190.0,2.0
Stefon Diggs,2021,14.714285714285714,13.571428571428571,123.42857142857143,85.0,1054.7142857142858,6.857142857142857,5.728571428571429,12.828571428571431,8.742857142857144,4.285714285714286,22.857142857142858,0.0,4.085714285714285,1.5714285714285712,0.3,89.28571428571429,1077.5714285714287,1.0,17.0,17.0,164.0,103.0,1225.0,10.0,6.1,11.9,7.5,0.0,0.0,0.0,0.0,0.0,0.0,103.0,1225.0,1.0
Justin Jefferson,2021,16.5,15.5,146.0,98.0,1508.0,8.5,5.95,15.45,10.45,3.5,8.0,0.0,2.15,0.45,0.25,101.5,1516.0,1.0,17.0,17.0,167.0,108.0,1616.0,10.0,6.4,15.0,9.7,6.0,14.0,0.0,2.3,0.8,0.4,114.0,1630.0,1.0
Jaylen Waddle,2021,16.0,16.0,140.0,104.0,1015.0,6.0,6.5,9.8,7.3,2.0,3.0,1.0,1.5,0.2,0.1,106.0,1018.0,2.0,16.0,16.0,140.0,104.0,1015.0,6.0,6.5,9.8,7.3,2.0,3.0,1.0,1.5,0.2,0.1,106.0,1018.0,2.0
Austin Ekeler,2021,14.4,7.4,71.0,56.4,545.2,4.8,4.0200000000000005,9.64,7.58,121.4,562.4,4.2,4.779999999999999,40.12,8.66,177.8,1107.6,2.2,16.0,16.0,94.0,70.0,647.0,8.0,4.4,9.2,6.9,206.0,911.0,12.0,4.4,56.9,12.9,276.0,1558.0,4.0
Cooper Kupp,2021,14.2,11.4,119.6,86.6,1103.4,8.0,5.92,12.920000000000002,9.26,2.8,16.0,0.0,4.220000000000001,1.3399999999999999,0.21999999999999997,89.4,1119.4,1.0,17.0,17.0,191.0,145.0,1947.0,16.0,8.5,13.4,10.2,4.0,18.0,0.0,4.5,1.1,0.2,149.0,1965.0,0.0
Alvin Kamara,2021,14.6,9.0,95.2,74.6,652.6,4.0,5.08,8.8,6.860000000000001,182.4,847.6,9.4,4.819999999999999,58.5,12.719999999999999,257.0,1500.2,1.4,13.0,10.0,67.0,47.0,439.0,5.0,3.6,9.3,6.6,240.0,898.0,4.0,3.7,69.1,18.5,287.0,1337.0,0.0
Dalvin Cook,2021,11.2,11.0,46.2,36.4,299.8,0.6,3.1799999999999997,8.08,6.26,203.6,964.0,7.8,4.72,85.17999999999999,18.0,240.0,1263.8,3.0,13.0,13.0,49.0,34.0,224.0,0.0,2.6,6.6,4.6,249.0,1159.0,6.0,4.7,89.2,19.2,283.0,1383.0,3.0
A.J. Brown,2021,14.333333333333334,12.0,98.33333333333333,61.666666666666664,998.3333333333334,8.0,4.366666666666667,16.46666666666667,10.3,1.6666666666666667,23.333333333333332,0.3333333333333333,8.333333333333334,1.5333333333333332,0.13333333333333333,63.333333333333336,1021.6666666666666,1.0,13.0,13.0,105.0,63.0,869.0,5.0,4.8,13.8,8.3,2.0,10.0,0.0,5.0,0.8,0.2,65.0,879.0,0.0
Leonard Fournette,2021,12.6,10.4,61.0,47.8,339.2,0.8,3.6799999999999997,7.360000000000001,5.8,188.6,762.0,6.2,3.96,59.58,15.060000000000002,236.4,1101.2,0.8,14.0,13.0,84.0,69.0,454.0,2.0,4.9,6.6,5.4,180.0,812.0,8.0,4.5,58.0,12.9,249.0,1266.0,1.0
Tony Pollard,2021,15.333333333333334,0.6666666666666666,35.333333333333336,27.333333333333332,212.33333333333334,0.6666666666666666,1.8,7.533333333333334,5.833333333333333,105.66666666666667,536.3333333333334,2.6666666666666665,5.033333333333333,35.13333333333333,6.8999999999999995,133.0,748.6666666666666,1.0,15.0,0.0,46.0,39.0,337.0,0.0,2.6,8.6,7.3,130.0,719.0,2.0,5.5,47.9,8.7,169.0,1056.0,2.0
Khalil Herbert,2021,17.0,2.0,16.0,14.0,96.0,0.0,0.8,6.9,6.0,103.0,433.0,2.0,4.2,25.5,6.1,117.0,529.0,1.0,17.0,2.0,16.0,14.0,96.0,0.0,0.8,6.9,6.0,103.0,433.0,2.0,4.2,25.5,6.1,117.0,529.0,1.0
Ja'Marr Chase,2021,17.0,17.0,128.0,81.0,1455.0,13.0,4.8,18.0,11.4,7.0,21.0,0.0,3.0,1.2,0.4,88.0,1476.0,2.0,17.0,17.0,128.0,81.0,1455.0,13.0,4.8,18.0,11.4,7.0,21.0,0.0,3.0,1.2,0.4,88.0,1476.0,2.0
Miles Sanders,2021,13.333333333333334,11.333333333333334,49.666666666666664,34.666666666666664,288.0,1.0,2.5333333333333337,7.766666666666666,5.5,160.0,813.0,3.0,5.133333333333333,62.06666666666666,12.1,194.66666666666666,1101.0,2.3333333333333335,12.0,12.0,34.0,26.0,158.0,0.0,2.2,6.1,4.6,137.0,754.0,0.0,5.5,62.8,11.4,163.0,912.0,1.0
Joe Mixon,2021,13.2,11.4,41.6,34.2,264.4,1.6,2.7,7.76,6.4,220.8,912.8,6.6,4.040000000000001,69.16,17.02,255.0,1177.2,1.2,16.0,16.0,48.0,42.0,314.0,3.0,2.6,7.5,6.5,292.0,1205.0,13.0,4.1,75.3,18.3,334.0,1519.0,2.0
Mike Evans,2021,15.25,15.125,132.25,75.75,1162.625,9.375,4.9625,15.387500000000001,8.85,0.125,1.25,0.0,1.25,0.075,0.0125,75.875,1163.875,0.5,16.0,16.0,114.0,74.0,1035.0,14.0,4.6,14.0,9.1,1.0,10.0,0.0,10.0,0.6,0.1,75.0,1045.0,0.0
CeeDee Lamb,2021,16.0,13.5,115.5,76.5,1018.5,5.5,4.75,13.25,8.8,9.5,79.0,0.5,8.3,4.949999999999999,0.6,86.0,1097.5,1.0,16.0,13.0,120.0,79.0,1102.0,6.0,4.9,13.9,9.2,9.0,76.0,0.0,8.4,4.8,0.6,88.0,1178.0,0.0
Terry McLaurin,2021,15.333333333333334,15.333333333333334,119.0,74.0,1030.0,5.333333333333333,4.8,14.133333333333335,8.766666666666667,1.0,14.0,0.0,9.0,0.9,0.06666666666666667,75.0,1044.0,0.3333333333333333,17.0,17.0,130.0,77.0,1053.0,5.0,4.5,13.7,8.1,1.0,12.0,0.0,12.0,0.7,0.1,78.0,1065.0,0.0
Jeff Wilson,2021,9.25,2.25,14.0,8.75,74.0,1.0,1.05,8.525,5.5,74.5,316.25,3.25,4.1,34.375,8.25,83.25,390.25,1.5,9.0,4.0,8.0,7.0,31.0,0.0,0.8,4.4,3.9,79.0,294.0,2.0,3.7,32.7,8.8,86.0,325.0,1.0
Travis Kelce,2021,14.11111111111111,13.333333333333334,110.44444444444444,78.22222222222223,1000.6666666666666,6.333333333333333,4.977777777777778,11.355555555555556,8.066666666666668,0.6666666666666666,1.0,0.2222222222222222,0.4444444444444444,0.07777777777777778,0.044444444444444446,78.88888888888889,1001.6666666666666,1.2222222222222223,16.0,16.0,134.0,92.0,1125.0,9.0,5.8,12.2,8.4,2.0,3.0,1.0,1.5,0.2,0.1,94.0,1128.0,1.0
Raheem Mostert,2021,8.428571428571429,1.2857142857142858,6.857142857142857,5.142857142857143,51.57142857142857,0.42857142857142855,0.5142857142857143,3.842857142857143,2.857142857142857,40.57142857142857,230.0,1.5714285714285714,5.614285714285714,23.87142857142857,4.0285714285714285,45.714285714285715,281.57142857142856,0.8571428571428571,1.0,1.0,0.0,0.0,0.0,0.0,0.0,0.0,0.0,2.0,20.0,0.0,10.0,20.0,2.0,2.0,20.0,0.0
Jonathan Taylor,2021,16.0,15.0,45.0,38.0,329.5,1.5,2.4,8.65,7.4,282.0,1490.0,14.5,5.25,92.2,17.5,320.0,1819.5,2.5,17.0,17.0,51.0,40.0,360.0,2.0,2.4,9.0,7.1,332.0,1811.0,18.0,5.5,106.5,19.5,372.0,2171.0,4.0
Tyler Lockett,2021,15.857142857142858,12.428571428571429,89.28571428571429,64.14285714285714,866.7142857142857,6.428571428571429,4.042857142857143,13.757142857142858,9.828571428571431,5.714285714285714,37.857142857142854,0.14285714285714285,5.328571428571429,2.442857142857143,0.3571428571428571,69.85714285714286,904.5714285714286,0.8571428571428571,16.0,16.0,107.0,73.0,1175.0,8.0,4.6,16.1,11.0,2.0,9.0,0.0,4.5,0.6,0.1,75.0,1184.0,0.0
Michael Pittman Jr.,2021,15.0,12.5,95.0,64.0,792.5,3.5,4.15,12.45,8.3,4.0,35.0,0.0,8.75,2.3,0.25,68.0,827.5,0.5,17.0,17.0,129.0,88.0,1082.0,6.0,5.2,12.3,8.4,5.0,44.0,0.0,8.8,2.6,0.3,93.0,1126.0,1.0
Deebo Samuel,2021,12.666666666666666,10.333333333333334,82.0,55.666666666666664,866.0,3.3333333333333335,4.433333333333334,14.699999999999998,10.133333333333333,27.0,183.33333333333334,3.6666666666666665,6.966666666666666,12.366666666666667,1.9000000000000001,82.66666666666667,1049.3333333333333,2.0,16.0,15.0,121.0,77.0,1405.0,6.0,4.8,18.2,11.6,59.0,365.0,8.0,6.2,22.8,3.7,136.0,1770.0,4.0
Jamaal Williams,2021,14.6,6.2,36.6,29.6,223.6,1.6,2.06,7.68,6.139999999999999,130.6,517.2,2.6,3.9599999999999995,35.8,9.02,160.2,740.8,0.2,13.0,11.0,28.0,26.0,157.0,0.0,2.0,6.0,5.6,153.0,601.0,3.0,3.9,46.2,11.8,179.0,758.0,1.0
Antonio Gibson ,2021,15.0,12.0,48.0,39.0,270.5,1.5,2.6,6.95,5.65,214.0,916.0,9.0,4.35,60.8,14.100000000000001,253.0,1186.5,3.5,16.0,14.0,52.0,42.0,294.0,3.0,2.6,7.0,5.7,258.0,1037.0,7.0,4.0,64.8,16.1,300.0,1331.0,6.0
Davante Adams,2021,14.5,13.625,126.5,83.625,1015.125,9.125,5.800000000000001,11.9625,7.774999999999999,0.0,0.0,0.0,0.0,0.0,0.0,83.625,1015.125,0.625,16.0,16.0,169.0,123.0,1553.0,11.0,7.7,12.6,9.2,0.0,0.0,0.0,0.0,0.0,0.0,123.0,1553.0,0.0
Christian Kirk,2021,14.0,10.25,89.5,59.0,725.5,4.25,4.175000000000001,12.45,8.175,4.0,35.5,0.0,8.375,2.7249999999999996,0.32500000000000007,63.0,761.0,0.25,17.0,11.0,103.0,77.0,982.0,5.0,4.5,12.8,9.5,1.0,11.0,0.0,11.0,0.6,0.1,78.0,993.0,0.0
Devin Singletary,2021,15.0,13.333333333333334,47.0,35.666666666666664,230.33333333333334,1.0,2.4,6.5,4.9,165.0,777.3333333333334,3.6666666666666665,4.7,52.9,11.166666666666666,200.66666666666666,1007.6666666666666,3.3333333333333335,17.0,16.0,50.0,40.0,228.0,1.0,2.4,5.7,4.6,188.0,870.0,7.0,4.6,51.2,11.1,228.0,1098.0,5.0
David Montgomery,2021,14.666666666666666,11.666666666666666,51.333333333333336,40.333333333333336,308.0,1.0,2.8000000000000003,7.566666666666666,5.866666666666667,238.0,936.0,7.0,3.9333333333333336,64.06666666666666,16.3,278.3333333333333,1244.0,1.3333333333333333,13.0,13.0,51.0,42.0,301.0,0.0,3.2,7.2,5.9,225.0,849.0,7.0,3.8,65.3,17.3,267.0,1150.0,1.0
Curtis Samuel,2021,11.6,6.6,60.4,38.2,422.8,2.8,2.88,9.52,5.96,15.2,97.8,1.0,8.2,7.44,1.1400000000000001,53.4,520.6,0.4,5.0,1.0,9.0,6.0,27.0,0.0,1.2,4.5,3.0,4.0,11.0,0.0,2.8,2.2,0.8,10.0,38.0,0.0
Mark Andrews,2021,15.5,4.5,97.25,65.75,866.5,7.25,4.2,13.575,9.15,0.25,0.0,0.0,0.0,0.0,0.025,66.0,866.5,1.25,17.0,9.0,153.0,107.0,1361.0,9.0,6.3,12.7,8.9,1.0,0.0,0.0,0.0,0.0,0.1,108.0,1361.0,1.0
Mike Williams,2021,14.4,9.2,78.6,45.4,732.4,5.2,3.0200000000000005,15.059999999999999,8.62,1.8,6.2,0.2,1.4,0.4,0.12,47.2,738.6,0.0,16.0,14.0,129.0,76.0,1146.0,9.0,4.8,15.1,8.9,0.0,0.0,0.0,0.0,0.0,0.0,76.0,1146.0,0.0
JuJu Smith-Schuster,2021,12.6,10.2,94.2,64.6,771.0,5.2,4.720000000000001,11.780000000000001,7.840000000000001,0.8,4.4,0.2,3.2,0.52,0.13999999999999999,65.4,775.4,1.0,5.0,5.0,28.0,15.0,129.0,0.0,3.0,8.6,4.6,3.0,9.0,1.0,3.0,1.8,0.6,18.0,138.0,0.0
Brandon Aiyuk,2021,14.5,13.5,90.0,58.0,787.0,5.0,4.15,13.65,8.8,5.5,47.0,1.0,8.1,3.7,0.4,63.5,834.0,1.0,17.0,16.0,84.0,56.0,826.0,5.0,3.3,14.8,9.8,5.0,17.0,0.0,3.4,1.0,0.3,61.0,843.0,2.0
Marquise Brown,2021,15.333333333333334,13.666666666666666,105.66666666666667,65.0,787.0,7.0,4.2,12.366666666666667,7.599999999999999,0.6666666666666666,2.0,0.0,2.0,0.13333333333333333,0.06666666666666667,65.66666666666667,789.0,1.0,16.0,16.0,146.0,91.0,1008.0,6.0,5.7,11.1,6.9,1.0,5.0,0.0,5.0,0.3,0.1,92.0,1013.0,3.0
Ezekiel Elliott,2021,14.666666666666666,14.666666666666666,63.166666666666664,48.0,374.0,2.0,3.2500000000000004,8.233333333333333,6.249999999999999,275.0,1231.0,9.333333333333334,4.433333333333333,85.26666666666667,19.166666666666668,323.0,1605.0,3.6666666666666665,17.0,17.0,65.0,47.0,287.0,2.0,2.8,6.1,4.4,237.0,1002.0,10.0,4.2,58.9,13.9,284.0,1289.0,1.0
Najee Harris,2021,17.0,17.0,94.0,74.0,467.0,3.0,4.4,6.3,5.0,307.0,1200.0,7.0,3.9,70.6,18.1,381.0,1667.0,0.0,17.0,17.0,94.0,74.0,467.0,3.0,4.4,6.3,5.0,307.0,1200.0,7.0,3.9,70.6,18.1,381.0,1667.0,0.0
D.K. Metcalf,2021,16.333333333333332,16.0,119.33333333333333,72.0,1056.6666666666667,9.666666666666666,4.4,14.700000000000001,8.866666666666667,1.0,5.666666666666667,0.0,3.8333333333333335,0.3666666666666667,0.06666666666666667,73.0,1062.3333333333333,1.6666666666666667,17.0,17.0,129.0,75.0,967.0,12.0,4.4,12.9,7.5,1.0,6.0,0.0,6.0,0.4,0.1,76.0,973.0,1.0
Courtland Sutton,2021,12.5,10.0,78.0,43.75,664.5,3.0,3.375,16.900000000000002,9.075,1.0,4.0,0.0,1.175,0.25,0.07500000000000001,44.75,668.5,0.5,17.0,16.0,98.0,58.0,776.0,2.0,3.4,13.4,7.9,0.0,0.0,0.0,0.0,0.0,0.0,58.0,776.0,0.0
D.J. Moore,2021,15.75,14.0,124.5,75.25,1078.25,3.5,4.775,14.575000000000001,8.875,7.25,70.5,0.0,9.225,4.45,0.45000000000000007,82.5,1148.75,1.75,17.0,17.0,163.0,93.0,1157.0,4.0,5.5,12.4,7.1,8.0,48.0,0.0,6.0,2.8,0.5,101.0,1205.0,1.0
Eno Benjamin,2021,9.0,0.0,7.0,6.0,42.0,0.0,0.7,7.0,6.0,34.0,118.0,1.0,3.5,13.1,3.8,40.0,160.0,0.0,9.0,0.0,7.0,6.0,42.0,0.0,0.7,7.0,6.0,34.0,118.0,1.0,3.5,13.1,3.8,40.0,160.0,0.0
Tyler Boyd,2021,14.5,8.333333333333334,95.5,64.66666666666667,761.8333333333334,4.0,4.3500000000000005,11.583333333333334,7.900000000000001,2.8333333333333335,25.833333333333332,0.0,7.1000000000000005,1.6500000000000001,0.18333333333333335,67.5,787.6666666666666,0.8333333333333334,16.0,10.0,94.0,67.0,828.0,5.0,4.2,12.4,8.8,2.0,22.0,0.0,11.0,1.4,0.1,69.0,850.0,1.0
Tee Higgins,2021,15.0,14.0,109.0,70.5,999.5,6.0,4.75,14.149999999999999,9.15,2.5,14.0,0.0,2.8,0.9,0.15,73.0,1013.5,1.0,14.0,14.0,110.0,74.0,1091.0,6.0,5.3,14.7,9.9,0.0,0.0,0.0,0.0,0.0,0.0,74.0,1091.0,1.0
Jerry Jeudy,2021,13.0,9.5,84.5,45.0,661.5,1.5,3.55,14.4,7.95,1.0,1.5,0.0,0.75,0.15,0.1,46.0,663.0,1.5,10.0,5.0,56.0,38.0,467.0,0.0,3.8,12.3,8.3,2.0,3.0,0.0,1.5,0.3,0.2,40.0,470.0,1.0
AJ Dillon ,2021,14.0,1.0,19.5,18.0,167.0,1.0,1.1,9.85,9.5,116.5,522.5,3.5,4.8,34.6,7.6,134.5,689.5,1.0,17.0,2.0,37.0,34.0,313.0,2.0,2.0,9.2,8.5,187.0,803.0,5.0,4.3,47.2,11.0,221.0,1116.0,2.0
Michael Carter,2021,14.0,11.0,55.0,36.0,325.0,0.0,2.6,9.0,5.9,147.0,639.0,4.0,4.3,45.6,10.5,183.0,964.0,1.0,14.0,11.0,55.0,36.0,325.0,0.0,2.6,9.0,5.9,147.0,639.0,4.0,4.3,45.6,10.5,183.0,964.0,1.0
Clyde Edwards-Helaire,2021,11.5,11.5,38.5,27.5,213.0,1.5,2.3499999999999996,7.550000000000001,5.55,150.0,660.0,4.0,4.35,56.75,12.9,177.5,873.0,1.0,10.0,10.0,23.0,19.0,129.0,2.0,1.9,6.8,5.6,119.0,517.0,4.0,4.3,51.7,11.9,138.0,646.0,2.0
Amari Cooper,2021,15.428571428571429,14.428571428571429,116.85714285714286,73.85714285714286,1010.8571428571429,6.571428571428571,4.757142857142857,13.757142857142856,8.614285714285714,2.0,5.857142857142857,0.0,3.042857142857143,0.3857142857142857,0.14285714285714285,75.85714285714286,1016.7142857142857,1.0,15.0,14.0,104.0,68.0,865.0,8.0,4.5,12.7,8.3,0.0,0.0,0.0,0.0,0.0,0.0,68.0,865.0,1.0
Jakobi Meyers,2021,15.333333333333334,8.666666666666666,82.66666666666667,56.0,651.3333333333334,0.6666666666666666,3.6,12.200000000000001,8.233333333333334,1.0,6.0,0.0,4.5,0.3666666666666667,0.06666666666666667,57.0,657.3333333333334,0.6666666666666666,17.0,16.0,126.0,83.0,866.0,2.0,4.9,10.4,6.9,1.0,9.0,0.0,9.0,0.5,0.1,84.0,875.0,1.0
Dallas Goedert,2021,14.25,10.0,68.0,48.25,573.75,4.0,3.4749999999999996,11.7,8.4,0.0,0.0,0.0,0.0,0.0,0.0,48.25,573.75,0.75,15.0,14.0,76.0,56.0,830.0,4.0,3.7,14.8,10.9,0.0,0.0,0.0,0.0,0.0,0.0,56.0,830.0,1.0
DeVonta Smith,2021,17.0,16.0,104.0,64.0,916.0,5.0,3.8,14.3,8.8,0.0,0.0,0.0,0.0,0.0,0.0,64.0,916.0,1.0,17.0,16.0,104.0,64.0,916.0,5.0,3.8,14.3,8.8,0.0,0.0,0.0,0.0,0.0,0.0,64.0,916.0,1.0
Gabriel Davis,2021,16.0,7.5,62.5,35.0,574.0,6.5,2.2,16.4,9.2,0.5,0.0,0.0,0.0,0.0,0.05,35.5,574.0,0.5,16.0,4.0,63.0,35.0,549.0,6.0,2.2,15.7,8.7,0.0,0.0,0.0,0.0,0.0,0.0,35.0,549.0,0.0
David Njoku,2021,13.0,7.2,48.0,29.6,350.8,3.0,2.12,11.219999999999999,6.8199999999999985,0.4,0.4,0.0,0.4,0.04,0.04,30.0,351.2,0.0,16.0,11.0,53.0,36.0,475.0,4.0,2.3,13.2,9.0,1.0,1.0,0.0,1.0,0.1,0.1,37.0,476.0,0.0
Amon-Ra St. Brown,2021,17.0,9.0,119.0,90.0,912.0,5.0,5.3,10.1,7.7,7.0,61.0,1.0,8.7,3.6,0.4,97.0,973.0,0.0,17.0,9.0,119.0,90.0,912.0,5.0,5.3,10.1,7.7,7.0,61.0,1.0,8.7,3.6,0.4,97.0,973.0,0.0
Melvin Gordon,2021,14.0,12.571428571428571,54.285714285714285,40.57142857142857,320.57142857142856,2.0,2.9714285714285715,7.642857142857143,5.757142857142858,211.0,877.7142857142857,7.571428571428571,4.185714285714285,62.78571428571428,15.071428571428571,251.57142857142858,1198.2857142857142,3.0,16.0,16.0,38.0,28.0,213.0,2.0,1.8,7.6,5.6,203.0,918.0,8.0,4.5,57.4,12.7,231.0,1131.0,3.0
T.J. Hockenson,2021,13.333333333333334,11.666666666666666,81.33333333333333,53.333333333333336,557.6666666666666,4.0,4.0,10.633333333333333,6.766666666666667,0.3333333333333333,0.0,0.0,0.0,0.0,0.03333333333333333,53.666666666666664,557.6666666666666,0.3333333333333333,12.0,12.0,84.0,61.0,583.0,4.0,5.1,9.6,6.9,0.0,0.0,0.0,0.0,0.0,0.0,61.0,583.0,0.0
Diontae Johnson,2021,15.666666666666666,13.0,135.0,84.66666666666667,921.3333333333334,6.666666666666667,5.433333333333334,10.966666666666667,6.900000000000001,4.0,36.333333333333336,0.0,8.633333333333333,2.3000000000000003,0.26666666666666666,88.66666666666667,957.6666666666666,3.0,16.0,14.0,169.0,107.0,1161.0,8.0,6.7,10.9,6.9,5.0,53.0,0.0,10.6,3.3,0.3,112.0,1214.0,2.0
Mack Hollins,2021,16.25,2.0,24.5,14.0,187.5,1.5,0.8500000000000001,13.375,7.675000000000001,0.0,0.0,0.0,0.0,0.0,0.0,14.0,187.5,0.25,17.0,3.0,28.0,14.0,223.0,4.0,0.8,15.9,8.0,0.0,0.0,0.0,0.0,0.0,0.0,14.0,223.0,0.0
Chris Godwin,2021,14.4,9.4,96.4,68.4,928.6,5.8,4.86,13.88,9.62,1.0,5.8,0.2,2.66,0.42000000000000004,0.08,69.4,934.4,1.4,14.0,14.0,127.0,98.0,1103.0,5.0,7.0,11.3,8.7,4.0,21.0,1.0,5.3,1.5,0.3,102.0,1124.0,2.0
Devin Duvernay,2021,16.0,5.0,36.5,26.5,236.5,1.0,1.7000000000000002,9.149999999999999,6.75,5.5,60.0,0.0,12.3,3.75,0.35,32.0,296.5,0.5,16.0,7.0,47.0,33.0,272.0,2.0,2.1,8.2,5.8,7.0,50.0,0.0,7.1,3.1,0.4,40.0,322.0,1.0
Cordarrelle Patterson,2021,15.88888888888889,5.444444444444445,44.111111111111114,29.77777777777778,292.77777777777777,1.6666666666666667,1.877777777777778,9.088888888888889,6.3999999999999995,35.55555555555556,181.66666666666666,1.5555555555555556,7.433333333333334,11.455555555555556,2.2444444444444445,65.33333333333333,474.44444444444446,1.1111111111111112,16.0,13.0,69.0,52.0,548.0,5.0,3.3,10.5,7.9,153.0,618.0,6.0,4.0,38.6,9.6,205.0,1166.0,2.0
Pat Freiermuth,2021,16.0,9.0,79.0,60.0,497.0,7.0,3.8,8.3,6.3,0.0,0.0,0.0,0.0,0.0,0.0,60.0,497.0,1.0,16.0,9.0,79.0,60.0,497.0,7.0,3.8,8.3,6.3,0.0,0.0,0.0,0.0,0.0,0.0,60.0,497.0,1.0
Chase Claypool,2021,15.5,9.5,107.0,60.5,866.5,5.5,3.9,14.35,8.1,12.0,56.0,1.0,4.25,3.7,0.75,72.5,922.5,1.5,15.0,13.0,105.0,59.0,860.0,2.0,3.9,14.6,8.2,14.0,96.0,0.0,6.9,6.4,0.9,73.0,956.0,0.0
Marquez Valdes-Scantling,2021,14.75,9.75,61.75,30.75,538.25,3.25,2.125,17.525,8.725,2.0,12.75,0.0,5.575,0.8,0.125,32.75,551.0,0.25,11.0,7.0,55.0,26.0,430.0,3.0,2.4,16.5,7.8,0.0,0.0,0.0,0.0,0.0,0.0,26.0,430.0,0.0
Darnell Mooney,2021,16.5,11.5,119.0,71.0,843.0,4.0,4.3,11.65,6.95,5.0,26.0,0.5,5.15,1.6,0.35,76.0,869.0,0.5,17.0,14.0,140.0,81.0,1055.0,4.0,4.8,13.0,7.5,6.0,32.0,1.0,5.3,1.9,0.4,87.0,1087.0,0.0
Rashaad Penny,2021,9.25,1.5,7.75,5.75,51.5,0.25,0.5,6.675000000000001,4.95,70.0,393.0,2.75,5.0,38.275000000000006,7.050000000000001,75.75,444.5,0.25,10.0,6.0,8.0,6.0,48.0,0.0,0.6,8.0,6.0,119.0,749.0,6.0,6.3,74.9,11.9,125.0,797.0,0.0
Josh Reynolds,2021,15.2,5.8,50.0,28.4,369.2,2.2,1.9,12.9,7.040000000000001,1.6,7.2,0.0,2.7199999999999998,0.43999999999999995,0.1,30.0,376.4,0.4,12.0,5.0,49.0,29.0,396.0,2.0,2.4,13.7,8.1,0.0,0.0,0.0,0.0,0.0,0.0,29.0,396.0,0.0
Brandin Cooks,2021,14.875,13.375,108.875,71.625,989.625,5.75,4.825,13.775,9.0125,6.0,37.75,0.25,6.0125,2.7625,0.41250000000000003,77.625,1027.375,0.5,16.0,16.0,134.0,90.0,1037.0,6.0,5.6,11.5,7.7,2.0,21.0,0.0,10.5,1.3,0.1,92.0,1058.0,0.0
Zach Ertz,2021,14.88888888888889,10.666666666666666,105.44444444444444,70.55555555555556,760.1111111111111,4.555555555555555,4.744444444444444,10.899999999999999,7.188888888888889,0.1111111111111111,0.4444444444444444,0.0,0.4444444444444444,0.022222222222222223,0.011111111111111112,70.66666666666667,760.5555555555555,0.5555555555555556,17.0,14.0,112.0,74.0,763.0,5.0,4.4,10.3,6.8,1.0,4.0,0.0,4.0,0.2,0.1,75.0,767.0,0.0
Corey Davis,2021,13.0,11.4,79.4,48.2,668.6,3.0,3.7,13.660000000000002,8.3,1.2,11.0,0.0,1.8399999999999999,0.6799999999999999,0.08,49.4,679.6,1.2,9.0,9.0,59.0,34.0,492.0,4.0,3.8,14.5,8.3,0.0,0.0,0.0,0.0,0.0,0.0,34.0,492.0,2.0
Adam Thielen,2021,14.75,10.5,83.625,58.0,745.75,6.125,3.9374999999999996,13.3125,8.987499999999999,2.5,21.0,0.125,6.9125,1.3624999999999998,0.18750000000000003,60.5,766.75,0.875,13.0,13.0,95.0,67.0,726.0,10.0,5.2,10.8,7.6,1.0,2.0,0.0,2.0,0.2,0.1,68.0,728.0,1.0
Kareem Hunt,2021,11.8,7.2,44.0,35.2,319.2,3.2,3.1,9.34,7.38,154.4,711.4,5.6,4.56,56.220000000000006,12.219999999999999,189.6,1030.6,0.8,8.0,1.0,27.0,22.0,174.0,0.0,2.8,7.9,6.4,78.0,386.0,5.0,4.9,48.3,9.8,100.0,560.0,0.0
Damien Harris,2021,9.0,8.333333333333334,9.333333333333334,7.666666666666667,61.333333333333336,0.0,0.5666666666666667,5.8999999999999995,4.566666666666666,114.33333333333333,544.0,5.666666666666667,4.2,45.666666666666664,9.733333333333333,122.0,605.3333333333334,1.0,15.0,15.0,21.0,18.0,132.0,0.0,1.2,7.3,6.3,202.0,929.0,15.0,4.6,61.9,13.5,220.0,1061.0,2.0
D'Andre Swift,2021,13.0,4.0,67.5,54.0,404.5,2.0,4.15,7.55,6.05,132.5,569.0,6.5,4.35,43.8,10.2,186.5,973.5,2.5,13.0,4.0,78.0,62.0,452.0,2.0,4.8,7.3,5.8,151.0,617.0,5.0,4.1,47.5,11.6,213.0,1069.0,2.0
Allen Lazard ,2021,10.5,6.25,39.75,27.25,362.0,3.5,2.3,11.774999999999999,8.65,1.5,17.5,0.0,10.05,1.275,0.125,28.75,379.5,0.0,15.0,13.0,60.0,40.0,513.0,8.0,2.7,12.8,8.6,3.0,32.0,0.0,10.7,2.1,0.2,43.0,545.0,0.0
Noah Brown,2021,12.5,1.25,16.5,9.75,106.25,0.0,0.75,10.4,6.074999999999999,0.25,1.0,0.0,1.0,0.075,0.025,10.0,107.25,0.0,13.0,1.0,25.0,16.0,184.0,0.0,1.2,11.5,7.4,0.0,0.0,0.0,0.0,0.0,0.0,16.0,184.0,0.0
Donovan Peoples-Jones,2021,13.0,5.5,39.0,24.0,450.5,2.5,1.7999999999999998,19.65,12.75,0.0,0.0,0.0,0.0,0.0,0.0,24.0,450.5,1.0,14.0,9.0,58.0,34.0,597.0,3.0,2.4,17.6,10.3,0.0,0.0,0.0,0.0,0.0,0.0,34.0,597.0,2.0
Evan Engram,2021,13.0,10.2,85.8,52.4,565.6,3.2,4.18,10.8,6.760000000000001,2.8,16.0,0.2,5.92,1.3000000000000003,0.26000000000000006,55.2,581.6,0.4,15.0,12.0,73.0,46.0,408.0,3.0,3.1,8.9,5.6,1.0,-3.0,0.0,-3.0,-0.2,0.1,47.0,405.0,1.0
Zay Jones,2021,15.8,9.0,62.2,34.2,376.8,2.2,2.16,10.78,6.2,0.8,1.2,0.0,0.9,0.08,0.06000000000000001,35.0,378.0,0.4,17.0,9.0,70.0,47.0,546.0,1.0,2.8,11.6,7.8,2.0,3.0,0.0,1.5,0.2,0.1,49.0,549.0,1.0
DeVante Parker,2021,13.285714285714286,9.142857142857142,83.42857142857143,48.285714285714285,675.2857142857143,3.4285714285714284,3.6,14.171428571428569,8.042857142857143,0.0,0.0,0.0,0.0,0.0,0.0,48.285714285714285,675.2857142857143,0.2857142857142857,10.0,8.0,73.0,40.0,515.0,2.0,4.0,12.9,7.1,0.0,0.0,0.0,0.0,0.0,0.0,40.0,515.0,0.0
George Kittle,2021,13.4,11.8,92.6,67.0,897.8,4.0,5.12,13.2,9.579999999999998,2.2,13.8,0.0,5.92,1.1400000000000001,0.2,69.2,911.6,0.6,14.0,14.0,94.0,71.0,910.0,6.0,5.1,12.8,9.7,3.0,20.0,0.0,6.7,1.4,0.2,74.0,930.0,2.0
Tyler Higbee,2021,15.5,14.0,57.0,39.0,414.5,2.8333333333333335,2.5666666666666664,10.549999999999999,6.933333333333334,0.16666666666666666,0.16666666666666666,0.0,0.16666666666666666,0.016666666666666666,0.016666666666666666,39.166666666666664,414.6666666666667,0.3333333333333333,15.0,15.0,85.0,61.0,560.0,5.0,4.1,9.2,6.6,0.0,0.0,0.0,0.0,0.0,0.0,61.0,560.0,1.0
Parris Campbell,2021,5.0,2.6666666666666665,17.666666666666668,11.333333333333334,120.0,0.6666666666666666,2.433333333333333,11.699999999999998,7.099999999999999,2.0,16.666666666666668,0.0,5.5,4.3,0.5333333333333333,13.333333333333334,136.66666666666666,1.0,6.0,3.0,20.0,10.0,162.0,1.0,1.7,16.2,8.1,0.0,0.0,0.0,0.0,0.0,0.0,10.0,162.0,0.0
Tyler Conklin,2021,16.0,5.25,32.5,23.25,230.5,1.0,1.4,10.649999999999999,7.775,0.0,0.0,0.0,0.0,0.0,0.0,23.25,230.5,0.5,17.0,15.0,87.0,61.0,593.0,3.0,3.6,9.7,6.8,0.0,0.0,0.0,0.0,0.0,0.0,61.0,593.0,1.0
Olamide Zaccheaus,2021,12.666666666666666,3.3333333333333335,30.0,18.0,265.0,1.6666666666666667,1.3,21.7,13.100000000000001,0.6666666666666666,0.6666666666666666,0.0,0.6666666666666666,0.03333333333333333,0.06666666666666667,18.666666666666668,265.6666666666667,0.0,17.0,8.0,53.0,31.0,406.0,3.0,1.8,13.1,7.7,1.0,2.0,0.0,2.0,0.1,0.1,32.0,408.0,0.0
Nico Collins,2021,14.0,8.0,60.0,33.0,446.0,1.0,2.4,13.5,7.4,0.0,0.0,0.0,0.0,0.0,0.0,33.0,446.0,0.0,14.0,8.0,60.0,33.0,446.0,1.0,2.4,13.5,7.4,0.0,0.0,0.0,0.0,0.0,0.0,33.0,446.0,0.0
Gerald Everett,2021,15.2,4.6,53.4,35.0,373.4,2.4,2.34,11.24,7.0200000000000005,1.6,10.2,0.2,5.9399999999999995,0.64,0.12000000000000002,36.6,383.6,0.8,15.0,12.0,63.0,48.0,478.0,4.0,3.2,10.0,7.6,3.0,20.0,0.0,6.7,1.3,0.2,51.0,498.0,2.0
James Conner,2021,13.0,7.8,38.4,32.2,267.6,1.4,2.56,6.5200000000000005,5.640000000000001,146.8,610.8,7.4,4.2,47.42,11.379999999999999,179.0,878.4,1.8,15.0,6.0,39.0,37.0,375.0,3.0,2.5,10.1,9.6,202.0,752.0,15.0,3.7,50.1,13.5,239.0,1127.0,2.0
D'Onta Foreman,2021,6.5,1.0,5.5,4.5,59.75,0.5,0.9500000000000001,11.625,10.149999999999999,60.0,246.75,1.25,3.175,27.6,8.325,64.5,306.5,1.25,9.0,3.0,11.0,9.0,123.0,0.0,1.0,13.7,11.2,133.0,566.0,3.0,4.3,62.9,14.8,142.0,689.0,2.0
Darrell Henderson,2021,13.333333333333334,7.0,23.333333333333332,16.333333333333332,124.0,1.3333333333333333,1.2666666666666666,8.433333333333335,5.733333333333334,108.66666666666667,486.3333333333333,3.3333333333333335,4.3,36.733333333333334,8.200000000000001,125.0,610.3333333333334,0.0,12.0,10.0,40.0,29.0,176.0,3.0,2.4,6.1,4.4,149.0,688.0,5.0,4.6,57.3,12.4,178.0,864.0,0.0
Robert Tonyan,2021,12.75,3.75,27.25,21.0,241.75,3.75,1.7,12.975000000000001,9.1,0.0,0.0,0.0,0.0,0.0,0.0,21.0,241.75,0.0,8.0,5.0,29.0,18.0,204.0,2.0,2.3,11.3,7.0,0.0,0.0,0.0,0.0,0.0,0.0,18.0,204.0,0.0
Rashod Bateman,2021,12.0,4.0,68.0,46.0,515.0,1.0,3.8,11.2,7.6,0.0,0.0,0.0,0.0,0.0,0.0,46.0,515.0,0.0,12.0,4.0,68.0,46.0,515.0,1.0,3.8,11.2,7.6,0.0,0.0,0.0,0.0,0.0,0.0,46.0,515.0,0.0
Kenyan Drake,2021,14.833333333333334,6.5,45.0,33.166666666666664,255.83333333333334,1.1666666666666667,2.283333333333333,7.283333333333334,5.483333333333333,126.33333333333333,564.0,4.833333333333333,4.583333333333333,38.03333333333333,8.533333333333333,159.5,819.8333333333334,1.8333333333333333,12.0,2.0,40.0,30.0,291.0,1.0,2.5,9.7,7.3,63.0,254.0,2.0,4.0,21.2,5.3,93.0,545.0,1.0
Javonte Williams,2021,17.0,1.0,53.0,43.0,316.0,3.0,2.5,7.3,6.0,203.0,903.0,4.0,4.4,53.1,11.9,246.0,1219.0,2.0,17.0,1.0,53.0,43.0,316.0,3.0,2.5,7.3,6.0,203.0,903.0,4.0,4.4,53.1,11.9,246.0,1219.0,2.0
J.D. McKissic,2021,10.333333333333334,2.3333333333333335,42.333333333333336,32.166666666666664,250.16666666666666,1.1666666666666667,2.6,6.55,5.366666666666667,36.833333333333336,163.16666666666666,0.6666666666666666,3.8166666666666664,12.15,2.866666666666667,69.0,413.3333333333333,0.5,11.0,3.0,53.0,43.0,397.0,2.0,3.9,9.2,7.5,48.0,212.0,2.0,4.4,19.3,4.4,91.0,609.0,0.0
Marvin Jones,2021,14.333333333333334,11.555555555555555,90.33333333333333,55.111111111111114,761.8888888888889,6.111111111111111,3.8000000000000003,13.788888888888888,8.288888888888891,2.111111111111111,16.444444444444443,0.0,3.711111111111111,1.1888888888888887,0.15555555555555556,57.22222222222222,778.3333333333334,0.0,17.0,16.0,120.0,73.0,832.0,4.0,4.3,11.4,6.9,0.0,0.0,0.0,0.0,0.0,0.0,73.0,832.0,0.0
DeAndre Hopkins,2021,15.11111111111111,15.11111111111111,141.33333333333334,87.66666666666667,1175.6666666666667,7.555555555555555,5.755555555555556,13.58888888888889,8.38888888888889,0.4444444444444444,1.3333333333333333,0.0,0.3333333333333333,0.09999999999999999,0.03333333333333334,88.11111111111111,1177.0,1.1111111111111112,10.0,10.0,64.0,42.0,572.0,8.0,4.2,13.6,8.9,0.0,0.0,0.0,0.0,0.0,0.0,42.0,572.0,0.0
Kalif Raymond,2021,10.2,3.6,20.2,13.4,189.0,1.0,0.9600000000000002,12.74,9.360000000000001,1.4,3.8,0.0,-0.4,0.18000000000000002,0.12000000000000002,14.8,192.8,1.6,16.0,14.0,71.0,48.0,576.0,4.0,3.0,12.0,8.1,4.0,28.0,0.0,7.0,1.8,0.3,52.0,604.0,0.0
Kyle Pitts,2021,17.0,15.0,110.0,68.0,1026.0,1.0,4.0,15.1,9.3,0.0,0.0,0.0,0.0,0.0,0.0,68.0,1026.0,0.0,17.0,15.0,110.0,68.0,1026.0,1.0,4.0,15.1,9.3,0.0,0.0,0.0,0.0,0.0,0.0,68.0,1026.0,0.0
Randall Cobb,2021,12.909090909090908,7.636363636363637,76.81818181818181,53.72727272727273,651.6363636363636,4.7272727272727275,4.163636363636363,12.345454545454544,8.772727272727272,5.7272727272727275,33.09090909090909,0.0,4.754545454545454,2.9000000000000004,0.4272727272727272,59.45454545454545,684.7272727272727,1.6363636363636365,12.0,3.0,39.0,28.0,375.0,5.0,2.3,13.4,9.6,1.0,1.0,0.0,1.0,0.1,0.1,29.0,376.0,1.0
Robert Woods,2021,13.88888888888889,12.777777777777779,99.66666666666667,63.333333333333336,786.3333333333334,3.888888888888889,4.555555555555555,12.522222222222222,7.8666666666666645,8.222222222222221,56.333333333333336,0.5555555555555556,5.266666666666667,3.8777777777777778,0.5777777777777778,71.55555555555556,842.6666666666666,0.6666666666666666,9.0,9.0,69.0,45.0,556.0,4.0,5.0,12.4,8.1,8.0,46.0,1.0,5.8,5.1,0.9,53.0,602.0,0.0
Dontrell Hilliard,2021,10.0,1.25,13.0,10.25,71.5,0.0,1.05,6.5,5.4750000000000005,19.5,111.75,1.0,3.8499999999999996,13.549999999999999,2.3,29.75,183.25,1.0,8.0,5.0,26.0,19.0,87.0,0.0,2.4,4.6,3.3,56.0,350.0,2.0,6.3,43.8,7.0,75.0,437.0,2.0
Rondale Moore,2021,14.0,7.0,64.0,54.0,435.0,1.0,3.9,8.1,6.8,18.0,76.0,0.0,4.2,5.4,1.3,72.0,511.0,3.0,14.0,7.0,64.0,54.0,435.0,1.0,3.9,8.1,6.8,18.0,76.0,0.0,4.2,5.4,1.3,72.0,511.0,3.0
Mecole Hardman,2021,16.333333333333332,7.0,62.0,42.0,597.0,4.0,2.566666666666667,15.366666666666665,10.133333333333335,5.333333333333333,31.333333333333332,0.0,5.966666666666666,1.9000000000000001,0.3666666666666667,47.333333333333336,628.3333333333334,2.3333333333333335,17.0,8.0,83.0,59.0,693.0,2.0,3.5,11.7,8.3,8.0,46.0,0.0,5.8,2.7,0.5,67.0,739.0,3.0
Ben Skowronek,2021,14.0,1.0,20.0,11.0,133.0,0.0,0.8,12.1,6.7,0.0,0.0,0.0,0.0,0.0,0.0,11.0,133.0,0.0,14.0,1.0,20.0,11.0,133.0,0.0,0.8,12.1,6.7,0.0,0.0,0.0,0.0,0.0,0.0,11.0,133.0,0.0
Josh Palmer,2021,17.0,5.0,49.0,33.0,353.0,4.0,1.9,10.7,7.2,1.0,6.0,0.0,6.0,0.4,0.1,34.0,359.0,0.0,17.0,5.0,49.0,33.0,353.0,4.0,1.9,10.7,7.2,1.0,6.0,0.0,6.0,0.4,0.1,34.0,359.0,0.0
Mark Ingram,2021,13.272727272727273,8.818181818181818,32.54545454545455,26.09090909090909,187.0,0.9090909090909091,1.9,7.072727272727272,5.5,159.54545454545453,716.1818181818181,5.818181818181818,4.454545454545455,52.94545454545455,11.854545454545455,185.63636363636363,903.1818181818181,1.5454545454545454,14.0,10.0,35.0,27.0,162.0,0.0,1.9,6.0,4.6,160.0,554.0,2.0,3.5,39.6,11.4,187.0,716.0,1.0
Mike Gesicki,2021,16.0,7.5,79.5,49.75,563.75,3.25,3.0999999999999996,11.100000000000001,7.0,0.0,0.0,0.0,0.0,0.0,0.0,49.75,563.75,0.5,17.0,9.0,112.0,73.0,780.0,2.0,4.3,10.7,7.0,0.0,0.0,0.0,0.0,0.0,0.0,73.0,780.0,0.0
Jerick McKinnon,2021,14.5,3.0,42.833333333333336,31.333333333333332,224.0,1.1666666666666667,2.1666666666666665,7.216666666666666,5.2,94.5,383.1666666666667,2.0,4.383333333333333,27.0,6.6000000000000005,125.83333333333333,607.1666666666666,0.5,13.0,0.0,20.0,13.0,107.0,1.0,1.0,8.2,5.4,12.0,62.0,0.0,5.2,4.8,0.9,25.0,169.0,0.0
Tre'Quan Smith,2021,12.75,7.25,42.25,28.0,371.5,4.25,2.2,13.325,8.9,0.25,0.75,0.0,0.75,0.05,0.025,28.25,372.25,0.5,11.0,6.0,50.0,32.0,377.0,3.0,2.9,11.8,7.5,0.0,0.0,0.0,0.0,0.0,0.0,32.0,377.0,1.0
Darius Slayton,2021,14.333333333333334,9.666666666666666,79.33333333333333,41.333333333333336,610.0,4.333333333333333,2.8333333333333335,14.466666666666667,7.466666666666668,1.0,-4.666666666666667,0.0,-4.5,-0.3666666666666667,0.06666666666666667,42.333333333333336,605.3333333333334,0.6666666666666666,13.0,5.0,58.0,26.0,339.0,2.0,2.0,13.0,5.8,1.0,-13.0,0.0,-13.0,-1.0,0.1,27.0,326.0,1.0
Russell Gage,2021,15.25,5.25,71.75,48.25,516.25,2.25,3.175,10.55,6.925,1.5,5.25,0.0,1.875,0.35,0.1,49.75,521.5,0.75,14.0,9.0,94.0,66.0,770.0,4.0,4.7,11.7,8.2,0.0,0.0,0.0,0.0,0.0,0.0,66.0,770.0,2.0
Nelson Agholor,2021,14.571428571428571,12.571428571428571,74.28571428571429,44.142857142857146,554.8571428571429,4.142857142857143,3.0142857142857147,12.442857142857141,7.285714285714285,2.0,10.142857142857142,0.0,3.957142857142857,0.6571428571428571,0.14285714285714285,46.142857142857146,565.0,0.7142857142857143,15.0,13.0,64.0,37.0,473.0,3.0,2.5,12.8,7.4,3.0,11.0,0.0,3.7,0.7,0.2,40.0,484.0,0.0
Hayden Hurst,2021,14.25,4.5,45.25,31.25,326.0,3.0,2.125,10.7,7.4,0.25,0.0,0.0,0.0,0.0,0.025,31.5,326.0,0.75,13.0,5.0,31.0,26.0,221.0,3.0,2.0,8.5,7.1,0.0,0.0,0.0,0.0,0.0,0.0,26.0,221.0,3.0
DeAndre Carter,2021,15.0,3.25,21.25,14.5,170.5,0.75,0.95,11.2,7.725,2.75,24.0,0.0,3.975,1.425,0.175,17.25,194.5,3.0,17.0,6.0,44.0,24.0,296.0,3.0,1.4,12.3,6.7,10.0,89.0,0.0,8.9,5.2,0.6,34.0,385.0,3.0
Nyheim Hines,2021,16.25,3.0,68.0,52.5,384.25,1.75,3.25,7.375,5.6,70.5,292.25,2.25,4.175000000000001,18.0,4.375,123.0,676.5,1.25,17.0,4.0,57.0,40.0,310.0,1.0,2.4,7.8,5.4,56.0,276.0,2.0,4.9,16.2,3.3,96.0,586.0,3.0
Allen Robinson,2021,12.5,11.875,106.125,61.875,801.125,5.0,4.4125000000000005,13.3125,8.600000000000001,0.375,1.25,0.0,1.25,0.0875,0.037500000000000006,62.25,802.375,0.25,12.0,11.0,66.0,38.0,410.0,1.0,3.2,10.8,6.2,0.0,0.0,0.0,0.0,0.0,0.0,38.0,410.0,0.0
Greg Dortch,2021,3.5,1.0,1.5,1.5,7.5,0.0,0.3,2.5,2.5,0.5,12.0,0.0,12.0,2.4,0.1,2.0,19.5,0.5,5.0,2.0,3.0,3.0,15.0,0.0,0.6,5.0,5.0,1.0,24.0,0.0,24.0,4.8,0.2,4.0,39.0,0.0
Craig Reynolds,2021,3.3333333333333335,0.6666666666666666,3.0,2.6666666666666665,18.333333333333332,0.0,0.6333333333333333,3.466666666666667,3.1666666666666665,18.666666666666668,78.0,0.0,2.733333333333333,16.0,3.8333333333333335,21.333333333333332,96.33333333333333,0.0,5.0,2.0,8.0,7.0,52.0,0.0,1.4,7.4,6.5,55.0,230.0,0.0,4.2,46.0,11.0,62.0,282.0,0.0
Chase Edmonds,2021,14.25,3.75,41.0,32.0,230.25,1.25,2.275,7.2,5.35,83.25,387.75,2.25,4.574999999999999,28.4,6.049999999999999,115.25,618.0,1.0,12.0,11.0,53.0,43.0,311.0,0.0,3.6,7.2,5.9,116.0,592.0,2.0,5.1,49.3,9.7,159.0,903.0,1.0
Juwan Johnson,2021,10.5,3.0,16.0,8.5,99.0,2.0,0.75,11.0,5.55,0.0,0.0,0.0,0.0,0.0,0.0,8.5,99.0,0.0,14.0,2.0,22.0,13.0,159.0,4.0,0.9,12.2,7.2,0.0,0.0,0.0,0.0,0.0,0.0,13.0,159.0,0.0
Deon Jackson,2021,9.0,0.0,0.0,0.0,0.0,0.0,0.0,0.0,0.0,13.0,31.0,1.0,2.4,3.4,1.4,13.0,31.0,0.0,9.0,0.0,0.0,0.0,0.0,0.0,0.0,0.0,0.0,13.0,31.0,1.0,2.4,3.4,1.4,13.0,31.0,0.0
Equanimeous St. Brown,2021,12.333333333333334,3.3333333333333335,22.0,12.333333333333334,181.0,0.3333333333333333,1.0333333333333332,14.399999999999999,7.966666666666668,1.6666666666666667,8.666666666666666,0.0,5.566666666666666,0.7000000000000001,0.13333333333333333,14.0,189.66666666666666,0.0,13.0,2.0,17.0,9.0,98.0,0.0,0.7,10.9,5.8,3.0,14.0,0.0,4.7,1.1,0.2,12.0,112.0,0.0
Will Dissly,2021,10.25,9.0,24.0,19.0,225.0,2.25,2.175,13.1,9.6,0.25,1.75,0.0,1.75,0.3,0.05,19.25,226.75,0.5,15.0,14.0,26.0,21.0,231.0,1.0,1.4,11.0,8.9,0.0,0.0,0.0,0.0,0.0,0.0,21.0,231.0,1.0
Dalton Schultz,2021,15.0,9.0,53.0,38.5,386.25,3.0,2.425,8.975,6.125000000000001,0.0,0.0,0.0,0.0,0.0,0.0,38.5,386.25,0.25,17.0,15.0,104.0,78.0,808.0,8.0,4.6,10.4,7.8,0.0,0.0,0.0,0.0,0.0,0.0,78.0,808.0,0.0
Elijah Moore,2021,11.0,6.0,77.0,43.0,538.0,5.0,3.9,12.5,7.0,5.0,54.0,1.0,10.8,4.9,0.5,48.0,592.0,0.0,11.0,6.0,77.0,43.0,538.0,5.0,3.9,12.5,7.0,5.0,54.0,1.0,10.8,4.9,0.5,48.0,592.0,0.0
Justice Hill,2020,14.0,0.0,10.0,6.5,45.0,0.0,0.45,6.4,4.35,35.0,142.5,1.0,4.45,9.55,2.3,41.5,187.5,0.0,12.0,0.0,5.0,5.0,20.0,0.0,0.4,4.0,4.0,12.0,60.0,0.0,5.0,5.0,1.0,17.0,80.0,0.0
Rex Burkhead,2021,11.0,1.5555555555555556,22.666666666666668,17.22222222222222,147.77777777777777,0.8888888888888888,1.5,7.577777777777778,5.677777777777777,51.333333333333336,203.11111111111111,1.8888888888888888,3.1333333333333337,16.866666666666664,4.3,68.55555555555556,350.8888888888889,0.7777777777777778,16.0,5.0,32.0,25.0,186.0,0.0,1.6,7.4,5.8,122.0,427.0,3.0,3.5,26.7,7.6,147.0,613.0,1.0
Richie James,2020,13.333333333333334,3.3333333333333335,19.666666666666668,12.666666666666666,229.66666666666666,1.0,1.0666666666666667,19.666666666666668,12.366666666666667,0.6666666666666666,-0.3333333333333333,0.0,-0.16666666666666666,-0.03333333333333333,0.03333333333333333,13.333333333333334,229.33333333333334,1.6666666666666667,11.0,7.0,35.0,23.0,394.0,1.0,2.1,17.1,11.3,0.0,0.0,0.0,0.0,0.0,0.0,23.0,394.0,2.0
Alexander Mattison,2021,14.0,2.0,22.0,18.333333333333332,145.0,0.6666666666666666,1.2666666666666666,8.299999999999999,6.966666666666668,110.0,462.3333333333333,2.0,4.266666666666667,33.2,7.833333333333333,128.33333333333334,607.3333333333334,0.6666666666666666,16.0,4.0,39.0,32.0,228.0,1.0,2.0,7.1,5.8,134.0,491.0,3.0,3.7,30.7,8.4,166.0,719.0,1.0
Hunter Henry,2021,12.0,9.833333333333334,59.833333333333336,41.0,487.5,5.0,2.9,10.066666666666666,6.916666666666667,0.0,0.0,0.0,0.0,0.0,0.0,41.0,487.5,0.3333333333333333,17.0,10.0,75.0,50.0,603.0,9.0,2.9,12.1,8.0,0.0,0.0,0.0,0.0,0.0,0.0,50.0,603.0,0.0
KJ Hamler,2021,8.0,3.0,33.0,17.5,227.5,1.5,2.0,13.75,7.1,4.5,20.0,0.0,2.2,1.55,0.35,22.0,247.5,1.0,3.0,2.0,10.0,5.0,74.0,0.0,1.7,14.8,7.4,0.0,0.0,0.0,0.0,0.0,0.0,5.0,74.0,0.0
Samaje Perine,2021,12.0,1.8,14.2,12.6,89.8,0.4,0.8800000000000001,4.66,4.14,61.2,239.6,1.0,3.9800000000000004,16.12,4.1,73.8,329.4,0.4,16.0,0.0,31.0,27.0,196.0,1.0,1.7,7.3,6.3,55.0,246.0,1.0,4.5,15.4,3.4,82.0,442.0,0.0
K.J. Osborn,2021,13.0,4.5,41.0,25.0,327.5,3.5,1.45,6.55,4.0,0.5,5.0,0.0,5.0,0.3,0.05,25.5,332.5,1.0,17.0,9.0,82.0,50.0,655.0,7.0,2.9,13.1,8.0,1.0,10.0,0.0,10.0,0.6,0.1,51.0,665.0,0.0
Dante Pettis,2021,8.25,3.0,22.75,13.0,184.75,2.25,1.7999999999999998,13.725000000000001,8.25,0.25,-0.5,0.0,-0.5,-0.05,0.025,13.25,184.25,1.0,3.0,0.0,16.0,10.0,87.0,1.0,3.3,8.7,5.4,0.0,0.0,0.0,0.0,0.0,0.0,10.0,87.0,1.0
Jauan Jennings,2021,16.0,1.0,38.0,24.0,282.0,5.0,1.5,11.8,7.4,0.0,0.0,0.0,0.0,0.0,0.0,24.0,282.0,1.0,16.0,1.0,38.0,24.0,282.0,5.0,1.5,11.8,7.4,0.0,0.0,0.0,0.0,0.0,0.0,24.0,282.0,1.0
Marquise Goodwin,2021,11.125,5.25,40.0,20.0,329.5,1.75,1.5875000000000001,18.8875,8.3625,2.125,11.0,0.0,4.35,0.8875000000000001,0.1875,22.125,340.5,0.5,14.0,2.0,40.0,20.0,313.0,1.0,1.4,15.7,7.8,2.0,-1.0,0.0,-0.5,-0.1,0.1,22.0,312.0,1.0
Isaiah McKenzie,2021,13.0,3.6,28.4,19.8,184.4,1.4,1.54,8.98,5.96,7.6,35.0,0.6,4.56,3.1399999999999997,0.62,27.4,219.4,2.0,15.0,2.0,26.0,20.0,178.0,1.0,1.3,8.9,6.8,9.0,47.0,1.0,5.2,3.1,0.6,29.0,225.0,2.0
Noah Fant,2021,15.666666666666666,13.666666666666666,83.0,56.666666666666664,635.0,3.3333333333333335,3.633333333333333,11.633333333333333,7.7,1.0,-4.0,0.0,-1.3333333333333333,-0.26666666666666666,0.06666666666666667,57.666666666666664,631.0,0.3333333333333333,16.0,16.0,90.0,68.0,670.0,4.0,4.3,9.9,7.4,0.0,0.0,0.0,0.0,0.0,0.0,68.0,670.0,0.0
Kylen Granson,2021,17.0,0.0,15.0,11.0,106.0,0.0,0.6,9.6,7.1,0.0,0.0,0.0,0.0,0.0,0.0,11.0,106.0,0.0,17.0,0.0,15.0,11.0,106.0,0.0,0.6,9.6,7.1,0.0,0.0,0.0,0.0,0.0,0.0,11.0,106.0,0.0
Darren Waller,2021,10.833333333333334,7.666666666666667,64.0,45.0,530.6666666666666,2.6666666666666665,3.3166666666666664,11.0,7.616666666666667,0.5,4.333333333333333,0.0,3.9166666666666665,0.9333333333333332,0.06666666666666667,45.5,535.0,0.5,11.0,11.0,93.0,55.0,665.0,2.0,5.0,12.1,7.2,0.0,0.0,0.0,0.0,0.0,0.0,55.0,665.0,0.0
Ashton Dulin,2021,14.333333333333334,0.3333333333333333,10.0,6.0,81.0,0.6666666666666666,0.4000000000000001,13.166666666666666,8.4,1.6666666666666667,14.333333333333334,0.0,5.3999999999999995,0.9,0.13333333333333333,7.666666666666667,95.33333333333333,0.3333333333333333,17.0,1.0,22.0,13.0,173.0,2.0,0.8,13.3,7.9,3.0,32.0,0.0,10.7,1.9,0.2,16.0,205.0,0.0
Michael Thomas,2020,14.0,12.4,131.4,102.0,1190.0,6.4,7.08,11.639999999999999,8.940000000000001,0.4,-1.6,0.0,-1.6,-0.1,0.04,102.4,1188.4,1.0,7.0,5.0,55.0,40.0,438.0,0.0,5.7,11.0,8.0,1.0,1.0,0.0,1.0,0.1,0.1,41.0,439.0,0.0
Kendrick Bourne,2021,15.0,3.6,57.6,38.4,513.8,3.2,2.5,13.540000000000001,8.7,2.4,25.0,0.0,2.08,1.48,0.13999999999999999,40.8,538.8,0.4,17.0,5.0,70.0,55.0,800.0,5.0,3.2,14.5,11.4,12.0,125.0,0.0,10.4,7.4,0.7,67.0,925.0,1.0
Cam Akers,2021,7.0,2.5,8.5,7.0,66.5,0.5,1.9,7.25,6.050000000000001,75.0,314.0,1.0,2.4499999999999997,25.55,8.1,82.0,380.5,0.5,1.0,0.0,3.0,3.0,10.0,0.0,3.0,3.3,3.3,5.0,3.0,0.0,0.6,3.0,5.0,8.0,13.0,0.0
Jarvis Landry,2021,15.375,14.125,130.625,86.0,949.75,4.625,5.5625,11.15,7.325,5.0,29.875,0.625,4.987500000000001,1.9874999999999998,0.3375,91.0,979.625,2.5,12.0,12.0,87.0,52.0,570.0,2.0,4.3,11.0,6.6,6.0,40.0,2.0,6.7,3.3,0.5,58.0,610.0,3.0
Irv Smith Jr.,2020,14.5,7.0,45.0,33.0,338.0,3.5,2.3,10.399999999999999,7.55,0.0,0.0,0.0,0.0,0.0,0.0,33.0,338.0,0.5,13.0,7.0,43.0,30.0,365.0,5.0,2.3,12.2,8.5,0.0,0.0,0.0,0.0,0.0,0.0,30.0,365.0,0.0
Hunter Renfrow,2021,15.333333333333334,6.333333333333333,92.0,69.33333333333333,766.3333333333334,5.0,4.466666666666666,11.366666666666667,8.366666666666667,1.0,1.0,0.0,0.3333333333333333,0.06666666666666667,0.06666666666666667,70.33333333333333,767.3333333333334,2.6666666666666665,17.0,9.0,128.0,103.0,1038.0,9.0,6.1,10.1,8.1,3.0,3.0,0.0,1.0,0.2,0.2,106.0,1041.0,5.0
J.K. Dobbins,2020,15.0,1.0,24.0,18.0,120.0,0.0,1.2,6.7,5.0,134.0,805.0,9.0,6.0,53.7,8.9,152.0,925.0,2.0,15.0,1.0,24.0,18.0,120.0,0.0,1.2,6.7,5.0,134.0,805.0,9.0,6.0,53.7,8.9,152.0,925.0,2.0
Joshua Kelley,2021,12.0,0.0,14.5,14.0,93.0,0.0,1.05,7.0,6.35,72.0,228.0,1.0,3.1500000000000004,17.75,5.6,86.0,321.0,1.5,10.0,0.0,6.0,5.0,38.0,0.0,0.5,7.6,6.3,33.0,102.0,0.0,3.1,10.2,3.3,38.0,140.0,1.0
Jordan Akins,2021,14.5,5.75,40.5,28.5,315.0,0.75,1.9999999999999998,11.149999999999999,7.825,0.5,1.75,0.0,1.75,0.125,0.05,29.0,316.75,0.5,13.0,3.0,33.0,24.0,214.0,0.0,1.8,8.9,6.5,1.0,3.0,0.0,3.0,0.2,0.1,25.0,217.0,2.0
Cole Kmet,2021,16.5,13.0,68.5,44.0,427.5,1.0,2.65,9.45,6.05,1.0,-1.5,0.0,-1.5,-0.1,0.1,45.0,426.0,0.5,17.0,17.0,93.0,60.0,612.0,0.0,3.5,10.2,6.6,1.0,0.0,0.0,0.0,0.0,0.1,61.0,612.0,0.0
Colby Parkinson,2021,10.0,0.5,5.0,3.5,24.5,0.0,0.35,7.3,6.05,0.0,0.0,0.0,0.0,0.0,0.0,3.5,24.5,0.0,14.0,1.0,8.0,5.0,33.0,0.0,0.4,6.6,4.1,0.0,0.0,0.0,0.0,0.0,0.0,5.0,33.0,0.0
Dawson Knox,2021,14.0,10.666666666666666,55.0,33.666666666666664,421.0,4.666666666666667,2.4,12.633333333333333,7.533333333333334,0.3333333333333333,4.333333333333333,0.0,3.0,0.3,0.03333333333333333,34.0,425.3333333333333,0.6666666666666666,15.0,14.0,71.0,49.0,587.0,9.0,3.3,12.0,8.3,0.0,4.0,0.0,0.0,0.3,0.0,49.0,591.0,0.0
Trent Sherfield,2021,15.25,1.25,17.0,9.25,106.75,0.5,0.65,12.7,6.299999999999999,0.0,0.0,0.0,0.0,0.0,0.0,9.25,106.75,0.0,17.0,1.0,20.0,9.0,87.0,1.0,0.5,9.7,4.4,0.0,0.0,0.0,0.0,0.0,0.0,9.0,87.0,0.0
Sterling Shepard,2021,12.0,11.666666666666666,87.0,58.166666666666664,647.3333333333334,3.5,4.983333333333333,11.049999999999999,7.399999999999999,3.8333333333333335,30.0,0.16666666666666666,5.583333333333333,2.4,0.3333333333333333,62.0,677.3333333333334,0.3333333333333333,7.0,6.0,53.0,36.0,366.0,1.0,5.1,10.2,6.9,1.0,-9.0,0.0,-9.0,-1.3,0.1,37.0,357.0,0.0
Sammy Watkins,2021,12.375,11.375,74.375,43.5,632.375,4.25,3.5374999999999996,14.387500000000001,8.5,1.375,9.5,0.0,3.05,0.875,0.11249999999999999,44.875,641.875,0.75,13.0,9.0,49.0,27.0,394.0,1.0,2.1,14.6,8.0,0.0,0.0,0.0,0.0,0.0,0.0,27.0,394.0,1.0
Terrace Marshall Jr.,2021,13.0,3.0,30.0,17.0,138.0,0.0,1.3,8.1,4.6,0.0,0.0,0.0,0.0,0.0,0.0,17.0,138.0,0.0,13.0,3.0,30.0,17.0,138.0,0.0,1.3,8.1,4.6,0.0,0.0,0.0,0.0,0.0,0.0,17.0,138.0,0.0
Braxton Berrios,2021,16.0,1.0,44.333333333333336,29.666666666666668,313.3333333333333,1.6666666666666667,1.8666666666666665,13.066666666666665,7.533333333333334,3.3333333333333335,23.0,0.6666666666666666,5.133333333333333,1.4333333333333333,0.20000000000000004,33.0,336.3333333333333,0.6666666666666666,16.0,1.0,65.0,46.0,431.0,2.0,2.9,9.4,6.6,7.0,40.0,2.0,5.7,2.5,0.4,53.0,471.0,1.0
Sony Michel,2021,13.75,8.75,18.25,11.75,96.5,0.5,0.825,9.325,6.449999999999999,185.75,784.25,4.5,4.5,57.05,13.125,197.5,880.75,1.0,17.0,7.0,33.0,21.0,128.0,1.0,1.2,6.1,3.9,208.0,845.0,4.0,4.1,49.7,12.2,229.0,973.0,1.0
Mike Boone,2021,12.0,0.5,2.75,2.25,12.5,0.0,0.22499999999999998,5.55,5.15,18.75,103.5,1.0,6.025,7.775,1.425,21.0,116.0,0.0,8.0,0.0,2.0,2.0,22.0,0.0,0.3,11.0,11.0,4.0,35.0,0.0,8.8,4.4,0.5,6.0,57.0,0.0
Damiere Byrd,2021,10.166666666666666,4.0,30.166666666666668,19.5,236.83333333333334,0.8333333333333334,1.6166666666666665,11.883333333333333,8.416666666666666,0.5,4.5,0.0,3.25,0.39999999999999997,0.03333333333333333,20.0,241.33333333333334,0.8333333333333334,17.0,4.0,38.0,26.0,329.0,1.0,1.5,12.7,8.7,0.0,0.0,0.0,0.0,0.0,0.0,26.0,329.0,1.0
Demarcus Robinson,2021,16.166666666666668,7.0,37.833333333333336,24.166666666666668,279.8333333333333,2.3333333333333335,1.5,9.700000000000001,6.099999999999999,0.0,0.0,0.0,0.0,0.0,0.0,24.166666666666668,279.8333333333333,0.3333333333333333,17.0,10.0,41.0,25.0,264.0,3.0,1.5,10.6,6.4,0.0,0.0,0.0,0.0,0.0,0.0,25.0,264.0,0.0
Nick Westbrook-Ikhine,2021,15.0,4.0,32.5,20.5,254.5,2.0,1.3,11.75,6.25,0.0,0.0,0.0,0.0,0.0,0.0,20.5,254.5,0.5,16.0,7.0,57.0,38.0,476.0,4.0,2.4,12.5,8.4,0.0,0.0,0.0,0.0,0.0,0.0,38.0,476.0,1.0
Mo Alie-Cox,2021,14.25,4.0,27.0,17.5,234.0,2.0,1.2000000000000002,14.125,8.95,0.0,0.0,0.0,0.0,0.0,0.0,17.5,234.0,0.5,17.0,7.0,45.0,24.0,316.0,4.0,1.4,13.2,7.0,0.0,0.0,0.0,0.0,0.0,0.0,24.0,316.0,1.0
Michael Gallup,2021,13.75,10.75,87.0,48.25,725.5,3.75,3.6,14.8,8.125,0.0,0.0,0.0,0.0,0.0,0.0,48.25,725.5,0.0,9.0,8.0,62.0,35.0,445.0,2.0,3.9,12.7,7.2,0.0,0.0,0.0,0.0,0.0,0.0,35.0,445.0,0.0
Foster Moreau,2021,15.333333333333334,6.666666666666667,26.0,19.333333333333332,229.0,3.3333333333333335,1.2666666666666666,13.566666666666668,10.366666666666667,0.0,0.0,0.0,0.0,0.0,0.0,19.333333333333332,229.0,0.3333333333333333,17.0,11.0,44.0,30.0,373.0,3.0,1.8,12.4,8.5,0.0,0.0,0.0,0.0,0.0,0.0,30.0,373.0,1.0
Jonnu Smith,2021,15.2,12.8,42.8,28.4,319.2,3.4,1.86,11.1,7.44,3.0,24.4,0.2,5.18,1.54,0.2,31.4,343.6,0.4,16.0,11.0,45.0,28.0,294.0,1.0,1.8,10.5,6.5,9.0,40.0,0.0,4.4,2.5,0.6,37.0,334.0,1.0
Gus Edwards,2020,14.333333333333334,4.333333333333333,7.333333333333333,6.0,64.66666666666667,0.0,0.4000000000000001,10.233333333333333,8.766666666666666,138.0,717.3333333333334,3.3333333333333335,5.166666666666667,51.633333333333326,9.933333333333334,144.0,782.0,1.0,16.0,6.0,13.0,9.0,129.0,0.0,0.6,14.3,9.9,144.0,723.0,6.0,5.0,45.2,9.0,153.0,852.0,1.0
Kenneth Gainwell,2021,16.0,1.0,50.0,33.0,253.0,1.0,2.1,7.7,5.1,68.0,291.0,5.0,4.3,18.2,4.3,101.0,544.0,2.0,16.0,1.0,50.0,33.0,253.0,1.0,2.1,7.7,5.1,68.0,291.0,5.0,4.3,18.2,4.3,101.0,544.0,2.0
Ray-Ray McCloud,2021,12.0,2.0,23.5,16.0,97.5,0.0,1.05,4.55,3.425,2.0,21.0,0.0,6.45,1.35,0.15,18.0,118.5,2.75,16.0,5.0,66.0,39.0,277.0,0.0,2.4,7.1,4.2,2.0,15.0,0.0,7.5,0.9,0.1,41.0,292.0,4.0
Marquez Callaway,2021,14.0,7.0,55.5,33.5,455.5,3.0,2.3,12.649999999999999,8.100000000000001,0.0,0.0,0.0,0.0,0.0,0.0,33.5,455.5,0.0,17.0,11.0,84.0,46.0,698.0,6.0,2.7,15.2,8.3,0.0,0.0,0.0,0.0,0.0,0.0,46.0,698.0,0.0
KhaDarel Hodge,2021,13.75,0.5,14.25,7.5,107.5,0.0,0.6000000000000001,14.0,7.425,0.0,0.0,0.0,0.0,0.0,0.0,7.5,107.5,0.0,16.0,1.0,27.0,13.0,157.0,0.0,0.8,12.1,5.8,0.0,0.0,0.0,0.0,0.0,0.0,13.0,157.0,0.0
Chris Moore,2021,12.166666666666666,1.0,17.666666666666668,11.333333333333334,123.0,1.0,0.85,8.083333333333334,5.283333333333333,1.8333333333333333,4.5,0.0,0.8666666666666666,0.2833333333333334,0.13333333333333333,13.166666666666666,127.5,0.16666666666666666,12.0,1.0,22.0,21.0,227.0,2.0,1.8,10.8,10.3,0.0,0.0,0.0,0.0,0.0,0.0,21.0,227.0,0.0
Matt Breida,2021,12.8,3.8,21.6,16.6,145.8,1.2,1.26,9.12,7.3,93.2,456.2,1.4,4.779999999999999,34.04,6.959999999999999,109.8,602.0,1.4,9.0,0.0,9.0,7.0,72.0,2.0,0.8,10.3,8.0,26.0,125.0,1.0,4.8,13.9,2.9,33.0,197.0,1.0
Laviska Shenault Jr.,2021,15.0,11.0,89.5,60.5,609.5,2.5,4.0,10.05,6.9,14.5,66.0,0.0,4.4,4.55,1.0,75.0,675.5,0.5,16.0,10.0,100.0,63.0,619.0,0.0,3.9,9.8,6.2,11.0,41.0,0.0,3.7,2.6,0.7,74.0,660.0,1.0
Ian Thomas,2021,16.25,7.5,35.0,22.5,200.5,1.0,1.4249999999999998,8.875,5.575,0.0,0.0,0.0,0.0,0.0,0.0,22.5,200.5,0.25,17.0,13.0,30.0,18.0,188.0,0.0,1.1,10.4,6.3,0.0,0.0,0.0,0.0,0.0,0.0,18.0,188.0,0.0
Zack Moss,2021,13.0,0.0,25.0,18.5,146.0,1.0,1.4500000000000002,7.699999999999999,5.75,104.0,413.0,4.0,3.95,31.75,8.0,122.5,559.0,1.0,13.0,0.0,32.0,23.0,197.0,1.0,1.8,8.6,6.2,96.0,345.0,4.0,3.6,26.5,7.4,119.0,542.0,2.0
Austin Hooper,2021,14.666666666666666,9.5,68.0,49.666666666666664,504.0,3.8333333333333335,3.433333333333333,10.566666666666666,7.600000000000001,0.0,0.0,0.0,0.0,0.0,0.0,49.666666666666664,504.0,0.0,16.0,16.0,61.0,38.0,345.0,3.0,2.4,9.1,5.7,0.0,0.0,0.0,0.0,0.0,0.0,38.0,345.0,0.0
Cameron Brate,2021,14.375,4.0,48.0,31.625,335.375,4.125,2.0500000000000003,11.2375,8.325000000000001,0.0,0.0,0.0,0.0,0.0,0.0,31.625,335.375,0.375,17.0,3.0,57.0,30.0,245.0,4.0,1.8,8.2,4.3,0.0,0.0,0.0,0.0,0.0,0.0,30.0,245.0,0.0
Harrison Bryant,2021,15.5,6.0,33.0,22.5,235.5,3.0,1.4500000000000002,10.5,7.300000000000001,0.0,0.0,0.0,0.0,0.0,0.0,22.5,235.5,1.0,16.0,3.0,28.0,21.0,233.0,3.0,1.3,11.1,8.3,0.0,0.0,0.0,0.0,0.0,0.0,21.0,233.0,0.0
Julio Jones,2021,13.181818181818182,13.090909090909092,124.36363636363636,79.9090909090909,1211.8181818181818,5.545454545454546,6.054545454545456,15.236363636363636,9.827272727272728,1.7272727272727273,10.727272727272727,0.0,3.8,0.8363636363636364,0.1363636363636364,81.63636363636364,1222.5454545454545,1.0,10.0,10.0,48.0,31.0,434.0,1.0,3.1,14.0,9.0,0.0,0.0,0.0,0.0,0.0,0.0,31.0,434.0,0.0
Dyami Brown,2021,15.0,6.0,25.0,12.0,165.0,0.0,0.8,13.8,6.6,1.0,-4.0,0.0,-4.0,-0.3,0.1,13.0,161.0,0.0,15.0,6.0,25.0,12.0,165.0,0.0,0.8,13.8,6.6,1.0,-4.0,0.0,-4.0,-0.3,0.1,13.0,161.0,0.0
Darrel Williams,2021,12.75,1.75,26.25,20.75,190.5,1.0,1.425,9.025,7.550000000000001,59.25,228.0,2.5,3.75,15.625,4.125,80.0,418.5,0.25,17.0,7.0,57.0,47.0,452.0,2.0,2.8,9.6,7.9,144.0,558.0,6.0,3.9,32.8,8.5,191.0,1010.0,0.0
Kendall Hinton,2021,8.5,0.5,11.5,7.5,87.5,0.5,0.45,5.85,3.8,1.0,3.5,0.0,1.75,3.5,1.0,8.5,91.0,0.0,16.0,1.0,23.0,15.0,175.0,1.0,0.9,11.7,7.6,0.0,0.0,0.0,0.0,0.0,0.0,15.0,175.0,0.0
Chuba Hubbard,2021,17.0,10.0,37.0,25.0,174.0,1.0,1.5,7.0,4.7,172.0,612.0,5.0,3.6,36.0,10.1,197.0,786.0,1.0,17.0,10.0,37.0,25.0,174.0,1.0,1.5,7.0,4.7,172.0,612.0,5.0,3.6,36.0,10.1,197.0,786.0,1.0
Jamal Agnew,2021,11.2,0.8,12.6,8.0,66.8,0.2,0.72,4.66,3.6799999999999997,3.4,35.8,0.2,10.379999999999999,3.54,0.32,11.4,102.6,1.6,10.0,2.0,39.0,24.0,229.0,1.0,2.4,9.5,5.9,7.0,111.0,1.0,15.9,11.1,0.7,31.0,340.0,1.0
David Sills,2021,4.0,1.0,6.0,2.0,17.0,0.0,0.5,8.5,2.8,0.0,0.0,0.0,0.0,0.0,0.0,2.0,17.0,0.0,4.0,1.0,6.0,2.0,17.0,0.0,0.5,8.5,2.8,0.0,0.0,0.0,0.0,0.0,0.0,2.0,17.0,0.0
Logan Thomas,2021,10.666666666666666,4.833333333333333,31.5,20.833333333333332,197.16666666666666,1.8333333333333333,1.6833333333333333,7.833333333333333,5.333333333333333,0.5,0.8333333333333334,0.0,0.2833333333333333,0.049999999999999996,0.03333333333333333,21.333333333333332,198.0,0.16666666666666666,6.0,6.0,25.0,18.0,196.0,3.0,3.0,10.9,7.8,0.0,0.0,0.0,0.0,0.0,0.0,18.0,196.0,1.0
Ross Dwelley,2021,15.0,4.25,13.25,10.0,100.25,1.0,0.625,9.7,7.874999999999999,0.0,0.0,0.0,0.0,0.0,0.0,10.0,100.25,0.0,17.0,2.0,5.0,4.0,51.0,1.0,0.2,12.8,10.2,0.0,0.0,0.0,0.0,0.0,0.0,4.0,51.0,0.0
Shi Smith,2021,6.0,0.0,11.0,6.0,104.0,0.0,1.0,17.3,9.5,1.0,-3.0,0.0,-3.0,-0.5,0.2,7.0,101.0,0.0,6.0,0.0,11.0,6.0,104.0,0.0,1.0,17.3,9.5,1.0,-3.0,0.0,-3.0,-0.5,0.2,7.0,101.0,0.0
Jamycal Hasty,2021,9.5,0.0,18.5,15.0,95.0,0.0,1.5,5.75,4.75,27.5,108.0,1.0,4.05,12.35,3.2,42.5,203.0,1.5,11.0,0.0,29.0,23.0,157.0,0.0,2.1,6.8,5.4,16.0,68.0,1.0,4.3,6.2,1.5,39.0,225.0,2.0
Scott Miller,2021,11.666666666666666,2.3333333333333335,29.333333333333332,17.0,246.33333333333334,1.3333333333333333,1.3333333333333333,12.733333333333334,7.133333333333333,2.3333333333333335,24.333333333333332,0.3333333333333333,11.4,2.433333333333333,0.20000000000000004,19.333333333333332,270.6666666666667,0.0,9.0,0.0,9.0,5.0,38.0,0.0,0.6,7.6,4.2,2.0,43.0,1.0,21.5,4.8,0.2,7.0,81.0,0.0
DJ Chark,2021,10.75,7.5,66.25,36.75,510.5,3.75,3.0250000000000004,15.375,7.125,0.5,5.0,0.0,2.5,0.325,0.025,37.25,515.5,0.25,4.0,4.0,22.0,7.0,154.0,2.0,1.8,22.0,7.0,0.0,0.0,0.0,0.0,0.0,0.0,7.0,154.0,0.0
Tanner Hudson,2021,7.333333333333333,0.3333333333333333,4.0,1.6666666666666667,22.333333333333332,0.0,0.16666666666666666,8.9,3.7000000000000006,0.0,0.0,0.0,0.0,0.0,0.0,1.6666666666666667,22.333333333333332,0.0,2.0,0.0,0.0,0.0,0.0,0.0,0.0,0.0,0.0,0.0,0.0,0.0,0.0,0.0,0.0,0.0,0.0,0.0
O.J. Howard,2021,11.8,9.2,36.0,23.8,347.4,3.0,2.2600000000000002,13.919999999999998,9.139999999999999,0.0,0.0,0.0,0.0,0.0,0.0,23.8,347.4,0.8,17.0,9.0,21.0,14.0,135.0,1.0,0.8,9.6,6.4,0.0,0.0,0.0,0.0,0.0,0.0,14.0,135.0,0.0
Zach Pascal,2021,16.0,11.0,64.5,37.5,472.0,3.75,2.375,12.275,7.175000000000001,1.5,11.75,0.0,5.875,0.7250000000000001,0.07500000000000001,39.0,483.75,0.25,16.0,13.0,69.0,38.0,384.0,3.0,2.4,10.1,5.6,2.0,21.0,0.0,10.5,1.3,0.1,40.0,405.0,1.0
Breshad Perriman,2021,11.5,3.6666666666666665,45.5,22.666666666666668,372.1666666666667,2.5,1.9166666666666667,15.666666666666666,8.4,1.5,3.8333333333333335,0.0,2.25,0.23333333333333336,0.15,24.166666666666668,376.0,0.0,6.0,0.0,18.0,11.0,167.0,1.0,1.8,15.2,9.3,1.0,-3.0,0.0,-3.0,-0.5,0.2,12.0,164.0,0.0
Zach Gentry,2021,7.666666666666667,4.333333333333333,8.666666666666666,6.666666666666667,57.0,0.0,0.46666666666666673,4.266666666666667,3.5666666666666664,0.0,0.0,0.0,0.0,0.0,0.0,6.666666666666667,57.0,0.0,17.0,12.0,25.0,19.0,167.0,0.0,1.1,8.8,6.7,0.0,0.0,0.0,0.0,0.0,0.0,19.0,167.0,0.0
Avery Williams,2021,15.0,1.0,0.0,0.0,0.0,0.0,0.0,0.0,0.0,0.0,0.0,0.0,0.0,0.0,0.0,0.0,0.0,1.0,15.0,1.0,0.0,0.0,0.0,0.0,0.0,0.0,0.0,0.0,0.0,0.0,0.0,0.0,0.0,0.0,0.0,1.0
DeeJay Dallas,2021,14.5,1.0,21.5,19.0,122.0,0.5,1.2999999999999998,6.4,5.699999999999999,33.5,123.0,2.0,3.7,8.55,2.3499999999999996,52.5,245.0,0.5,17.0,0.0,23.0,21.0,133.0,0.0,1.2,6.3,5.8,33.0,138.0,2.0,4.2,8.1,1.9,54.0,271.0,1.0
Tommy Tremble,2021,16.0,11.0,35.0,20.0,180.0,1.0,1.3,9.0,5.1,3.0,11.0,1.0,3.7,0.7,0.2,23.0,191.0,0.0,16.0,11.0,35.0,20.0,180.0,1.0,1.3,9.0,5.1,3.0,11.0,1.0,3.7,0.7,0.2,23.0,191.0,0.0
Brock Wright,2021,10.0,5.0,17.0,12.0,117.0,2.0,1.2,9.8,6.9,0.0,0.0,0.0,0.0,0.0,0.0,12.0,117.0,0.0,10.0,5.0,17.0,12.0,117.0,2.0,1.2,9.8,6.9,0.0,0.0,0.0,0.0,0.0,0.0,12.0,117.0,0.0
Dan Arnold,2021,10.5,2.75,32.5,21.5,280.75,1.75,1.9749999999999999,13.55,8.625,0.0,0.0,0.0,0.0,0.0,0.0,21.5,280.75,1.0,11.0,4.0,52.0,35.0,408.0,0.0,3.2,11.7,7.8,0.0,0.0,0.0,0.0,0.0,0.0,35.0,408.0,1.0
Adam Trautman,2021,14.0,8.0,29.5,21.0,217.0,1.5,1.55,10.55,8.399999999999999,0.0,0.0,0.0,0.0,0.0,0.0,21.0,217.0,0.5,13.0,10.0,43.0,27.0,263.0,2.0,2.1,9.7,6.1,0.0,0.0,0.0,0.0,0.0,0.0,27.0,263.0,1.0
Quez Watkins,2021,11.5,6.0,37.5,25.0,376.5,1.0,1.85,15.05,9.3,0.5,1.5,0.0,1.5,0.1,0.05,25.5,378.0,0.0,17.0,12.0,62.0,43.0,647.0,1.0,2.5,15.0,10.4,1.0,3.0,0.0,3.0,0.2,0.1,44.0,650.0,0.0
Eric Saubert,2021,11.4,1.8,5.6,3.6,26.4,0.2,0.44000000000000006,6.260000000000001,4.04,0.0,0.0,0.0,0.0,0.0,0.0,3.6,26.4,0.0,17.0,4.0,12.0,8.0,47.0,1.0,0.5,5.9,3.9,0.0,0.0,0.0,0.0,0.0,0.0,8.0,47.0,0.0
Brandon Bolden,2021,14.555555555555555,1.0,15.333333333333334,11.11111111111111,100.22222222222223,0.6666666666666666,0.7555555555555556,7.466666666666667,5.144444444444444,31.444444444444443,144.11111111111111,1.3333333333333333,5.166666666666667,10.822222222222223,2.355555555555556,42.55555555555556,244.33333333333334,0.2222222222222222,17.0,1.0,49.0,41.0,405.0,2.0,2.4,9.9,8.3,44.0,226.0,1.0,5.1,13.3,2.6,85.0,631.0,1.0
Travis Homer,2021,13.0,0.3333333333333333,14.333333333333334,12.0,102.33333333333333,0.3333333333333333,0.9333333333333332,8.4,7.133333333333333,21.333333333333332,126.33333333333333,0.3333333333333333,6.066666666666667,9.833333333333334,1.8,33.333333333333336,228.66666666666666,0.0,14.0,0.0,20.0,16.0,161.0,0.0,1.1,10.1,8.1,21.0,177.0,1.0,8.4,12.6,1.5,37.0,338.0,0.0
Denzel Mims,2021,10.0,5.5,33.5,15.5,245.0,0.0,1.65,16.05,6.949999999999999,0.0,0.0,0.0,0.0,0.0,0.0,15.5,245.0,0.0,11.0,3.0,23.0,8.0,133.0,0.0,0.7,16.6,5.8,0.0,0.0,0.0,0.0,0.0,0.0,8.0,133.0,0.0
John Bates,2021,17.0,8.0,25.0,20.0,249.0,1.0,1.2,12.5,10.0,0.0,0.0,0.0,0.0,0.0,0.0,20.0,249.0,1.0,17.0,8.0,25.0,20.0,249.0,1.0,1.2,12.5,10.0,0.0,0.0,0.0,0.0,0.0,0.0,20.0,249.0,1.0
Noah Gray,2021,16.0,1.0,10.0,7.0,36.0,1.0,0.4,5.1,3.6,0.0,0.0,0.0,0.0,0.0,0.0,7.0,36.0,0.0,16.0,1.0,10.0,7.0,36.0,1.0,0.4,5.1,3.6,0.0,0.0,0.0,0.0,0.0,0.0,7.0,36.0,0.0
Keenan Allen,2021,12.88888888888889,12.333333333333334,118.88888888888889,81.11111111111111,948.3333333333334,5.333333333333333,6.366666666666667,11.58888888888889,8.122222222222224,1.6666666666666667,11.0,0.0,1.9000000000000001,0.6888888888888889,0.1111111111111111,82.77777777777777,959.3333333333334,1.4444444444444444,16.0,16.0,157.0,106.0,1138.0,6.0,6.6,10.7,7.2,0.0,0.0,0.0,0.0,0.0,0.0,106.0,1138.0,1.0
Johnny Mundt,2021,9.4,0.6,2.6,2.0,18.6,0.0,0.18,6.76,6.2,0.0,0.0,0.0,0.0,0.0,0.0,2.0,18.6,0.0,6.0,0.0,1.0,1.0,9.0,0.0,0.2,9.0,9.0,0.0,0.0,0.0,0.0,0.0,0.0,1.0,9.0,0.0
Brandon Powell,2021,9.0,0.6666666666666666,11.666666666666666,7.666666666666667,66.0,0.6666666666666666,0.8666666666666667,5.833333333333333,3.7999999999999994,1.0,3.6666666666666665,0.0,2.5,0.39999999999999997,0.10000000000000002,8.666666666666666,69.66666666666667,0.6666666666666666,6.0,0.0,0.0,0.0,0.0,0.0,0.0,0.0,0.0,0.0,0.0,0.0,0.0,0.0,0.0,0.0,0.0,0.0
Tevin Coleman,2021,12.714285714285714,5.285714285714286,26.428571428571427,18.285714285714285,181.85714285714286,1.7142857142857142,1.342857142857143,8.842857142857143,5.957142857142857,111.0,470.42857142857144,3.4285714285714284,3.971428571428571,34.642857142857146,8.3,129.28571428571428,652.2857142857143,1.0,11.0,5.0,16.0,11.0,49.0,0.0,1.0,4.5,3.1,84.0,356.0,0.0,4.2,32.4,7.6,95.0,405.0,0.0
D'Wayne Eskridge,2021,10.0,0.0,20.0,10.0,64.0,1.0,1.0,6.4,3.2,4.0,59.0,0.0,14.8,5.9,0.4,14.0,123.0,0.0,10.0,0.0,20.0,10.0,64.0,1.0,1.0,6.4,3.2,4.0,59.0,0.0,14.8,5.9,0.4,14.0,123.0,0.0
Tom Kennedy,2021,6.5,0.0,5.0,3.0,27.0,0.0,0.25,4.5,2.7,0.0,0.0,0.0,0.0,0.0,0.0,3.0,27.0,0.0,12.0,0.0,10.0,6.0,54.0,0.0,0.5,9.0,5.4,0.0,0.0,0.0,0.0,0.0,0.0,6.0,54.0,0.0
Boston Scott,2021,11.25,2.5,19.5,15.5,124.75,0.25,1.1500000000000001,5.85,4.725,57.0,248.0,3.25,3.25,17.25,3.975,72.5,372.75,1.75,16.0,4.0,16.0,13.0,83.0,0.0,0.8,6.4,5.2,87.0,373.0,7.0,4.3,23.3,5.4,100.0,456.0,1.0
Phillip Dorsett,2021,12.833333333333334,2.5,37.666666666666664,21.833333333333332,290.6666666666667,1.8333333333333333,1.6500000000000001,13.866666666666667,7.949999999999999,2.3333333333333335,14.0,0.0,5.333333333333333,1.0,0.19999999999999998,24.166666666666668,304.6666666666667,0.5,6.0,0.0,14.0,7.0,110.0,0.0,1.2,15.7,7.9,1.0,0.0,0.0,0.0,0.0,0.2,8.0,110.0,0.0
Phillip Lindsay,2021,14.0,8.25,28.5,20.25,127.5,0.5,1.3499999999999999,6.95,5.05,155.5,699.75,4.5,4.25,48.925000000000004,10.95,175.75,827.25,0.0,14.0,1.0,5.0,4.0,45.0,1.0,0.3,11.3,9.0,88.0,249.0,1.0,2.8,17.8,6.3,92.0,294.0,0.0
C.J. Uzomah,2021,11.285714285714286,8.714285714285714,33.142857142857146,23.285714285714285,227.28571428571428,1.8571428571428572,2.1285714285714286,8.971428571428572,6.428571428571428,0.0,0.0,0.0,0.0,0.0,0.0,23.285714285714285,227.28571428571428,0.0,16.0,16.0,63.0,49.0,493.0,5.0,3.1,10.1,7.8,0.0,0.0,0.0,0.0,0.0,0.0,49.0,493.0,0.0
Josiah Deguara,2021,9.0,1.5,17.5,13.0,128.5,1.0,1.05,10.9,6.7,0.0,0.0,0.0,0.0,0.0,0.0,13.0,128.5,0.0,16.0,2.0,33.0,25.0,245.0,2.0,1.6,9.8,7.4,0.0,0.0,0.0,0.0,0.0,0.0,25.0,245.0,0.0
Jalen Guyton,2021,11.666666666666666,3.6666666666666665,35.0,19.666666666666668,319.6666666666667,2.0,1.2333333333333334,10.933333333333332,6.2,3.0,11.333333333333334,0.0,1.6333333333333335,0.7000000000000001,0.16666666666666666,22.666666666666668,331.0,0.3333333333333333,16.0,2.0,48.0,31.0,448.0,3.0,1.9,14.5,9.3,7.0,34.0,0.0,4.9,2.1,0.4,38.0,482.0,1.0
Jake Kumerow,2021,10.0,2.0,9.75,5.75,93.0,0.75,0.7000000000000001,16.8,11.625,0.0,0.0,0.0,0.0,0.0,0.0,5.75,93.0,0.0,15.0,2.0,6.0,2.0,28.0,0.0,0.1,14.0,4.7,0.0,0.0,0.0,0.0,0.0,0.0,2.0,28.0,0.0
Justin Watson,2021,10.0,1.0,10.0,5.75,64.5,0.5,0.4,7.25,4.075,0.0,0.0,0.0,0.0,0.0,0.0,5.75,64.5,0.0,1.0,0.0,0.0,0.0,0.0,0.0,0.0,0.0,0.0,0.0,0.0,0.0,0.0,0.0,0.0,0.0,0.0,0.0
Kevin White,2021,4.6,1.2,10.6,5.2,64.6,0.0,1.48,14.76,5.159999999999999,0.2,1.8,0.0,1.8,0.45999999999999996,0.06,5.4,66.4,0.0,6.0,1.0,5.0,1.0,38.0,0.0,0.2,38.0,7.6,0.0,0.0,0.0,0.0,0.0,0.0,1.0,38.0,0.0
Tutu Atwell,2021,8.0,0.0,0.0,0.0,0.0,0.0,0.0,0.0,0.0,0.0,0.0,0.0,0.0,0.0,0.0,0.0,0.0,1.0,8.0,0.0,0.0,0.0,0.0,0.0,0.0,0.0,0.0,0.0,0.0,0.0,0.0,0.0,0.0,0.0,0.0,1.0
Marcus Johnson,2021,8.2,2.4,19.2,10.2,167.8,0.6,1.2799999999999998,15.66,8.86,0.6,-0.8,0.0,-0.6,-0.13999999999999999,0.1,10.8,167.0,0.2,7.0,3.0,19.0,9.0,160.0,0.0,1.3,17.8,8.4,2.0,-2.0,0.0,-1.0,-0.3,0.3,11.0,158.0,0.0
Dare Ogunbowale,2021,10.2,0.8,17.4,11.6,90.8,0.2,0.74,4.4799999999999995,2.8600000000000003,17.2,59.8,0.6,1.8399999999999999,3.9200000000000004,1.1,28.8,150.6,0.4,17.0,2.0,21.0,13.0,114.0,1.0,0.8,8.8,5.4,43.0,137.0,1.0,3.2,8.1,2.5,56.0,251.0,0.0
Jamison Crowder,2021,13.714285714285714,7.285714285714286,87.28571428571429,58.42857142857143,658.1428571428571,4.0,4.228571428571429,11.357142857142856,7.557142857142856,2.4285714285714284,11.714285714285714,0.0,4.3428571428571425,1.0142857142857142,0.18571428571428575,60.857142857142854,669.8571428571429,1.8571428571428572,12.0,4.0,71.0,51.0,447.0,2.0,4.3,8.8,6.3,0.0,0.0,0.0,0.0,0.0,0.0,51.0,447.0,1.0
Mike Strachan,2021,6.0,0.0,3.0,2.0,26.0,0.0,0.3,13.0,8.7,0.0,0.0,0.0,0.0,0.0,0.0,2.0,26.0,0.0,6.0,0.0,3.0,2.0,26.0,0.0,0.3,13.0,8.7,0.0,0.0,0.0,0.0,0.0,0.0,2.0,26.0,0.0
Ameer Abdullah,2021,13.0,3.2857142857142856,23.571428571428573,17.0,123.57142857142857,1.0,1.4000000000000001,7.8999999999999995,6.271428571428571,58.42857142857143,224.85714285714286,0.8571428571428571,3.9571428571428577,20.985714285714284,4.957142857142857,75.42857142857143,348.42857142857144,1.2857142857142858,17.0,1.0,53.0,38.0,289.0,1.0,2.2,7.6,5.5,51.0,166.0,0.0,3.3,9.8,3.0,89.0,455.0,0.0
A.J. Green,2021,14.3,13.4,122.2,70.3,1027.8,6.8,4.99,14.589999999999998,8.44,1.1,9.3,0.0,2.1100000000000003,0.6100000000000001,0.08,71.4,1037.1,1.2,16.0,9.0,92.0,54.0,848.0,3.0,3.4,15.7,9.2,0.0,0.0,0.0,0.0,0.0,0.0,54.0,848.0,0.0
Cody Hollister,2021,3.3333333333333335,0.3333333333333333,3.3333333333333335,2.3333333333333335,19.333333333333332,0.0,0.7333333333333334,8.933333333333334,7.733333333333333,0.0,0.0,0.0,0.0,0.0,0.0,2.3333333333333335,19.333333333333332,0.0,3.0,1.0,7.0,4.0,33.0,0.0,1.3,8.3,4.7,0.0,0.0,0.0,0.0,0.0,0.0,4.0,33.0,0.0
Jonathan Williams,2021,6.6,0.2,3.6,3.0,21.8,0.0,0.52,5.0200000000000005,4.5600000000000005,19.4,82.6,0.6,3.5799999999999996,10.280000000000001,2.5,22.4,104.4,0.6,5.0,0.0,6.0,4.0,28.0,0.0,0.8,7.0,4.7,17.0,79.0,1.0,4.6,15.8,3.4,21.0,107.0,0.0
Donald Parham,2021,13.5,7.0,23.5,15.0,174.5,3.0,1.1,12.7,7.5,0.0,0.0,0.0,0.0,0.0,0.0,15.0,174.5,0.0,14.0,9.0,27.0,20.0,190.0,3.0,1.4,9.5,7.0,0.0,0.0,0.0,0.0,0.0,0.0,20.0,190.0,0.0
Jeff Smith,2021,8.333333333333334,2.3333333333333335,18.666666666666668,8.666666666666666,97.33333333333333,0.0,1.0333333333333332,11.966666666666667,5.7,0.3333333333333333,-0.3333333333333333,0.0,-0.3333333333333333,-0.03333333333333333,0.03333333333333333,9.0,97.0,0.0,12.0,3.0,17.0,8.0,113.0,0.0,0.7,14.1,6.6,1.0,-1.0,0.0,-1.0,-0.1,0.1,9.0,112.0,0.0
Durham Smythe,2021,15.75,10.25,23.75,18.25,170.0,0.5,1.125,9.025,6.25,0.5,0.75,0.0,0.375,0.05,0.025,18.75,170.75,0.0,17.0,12.0,41.0,34.0,357.0,0.0,2.0,10.5,8.7,2.0,3.0,0.0,1.5,0.2,0.1,36.0,360.0,0.0
Parker Hesse,2021,8.0,1.0,6.0,5.0,43.0,0.0,0.6,8.6,7.2,0.0,0.0,0.0,0.0,0.0,0.0,5.0,43.0,0.0,8.0,1.0,6.0,5.0,43.0,0.0,0.6,8.6,7.2,0.0,0.0,0.0,0.0,0.0,0.0,5.0,43.0,0.0
Albert Okwuegbunam,2021,9.0,3.0,27.5,22.0,225.5,1.5,2.5999999999999996,10.5,8.2,0.0,0.0,0.0,0.0,0.0,0.0,22.0,225.5,0.5,14.0,6.0,40.0,33.0,330.0,2.0,2.4,10.0,8.3,0.0,0.0,0.0,0.0,0.0,0.0,33.0,330.0,1.0
Amari Rodgers,2021,16.0,1.0,8.0,4.0,45.0,0.0,0.3,11.3,5.6,1.0,11.0,0.0,11.0,0.7,0.1,5.0,56.0,2.0,16.0,1.0,8.0,4.0,45.0,0.0,0.3,11.3,5.6,1.0,11.0,0.0,11.0,0.7,0.1,5.0,56.0,2.0
Michael Bandy,2021,1.0,0.0,0.0,0.0,0.0,0.0,0.0,0.0,0.0,0.0,0.0,0.0,0.0,0.0,0.0,0.0,0.0,0.0,1.0,0.0,0.0,0.0,0.0,0.0,0.0,0.0,0.0,0.0,0.0,0.0,0.0,0.0,0.0,0.0,0.0,0.0
Cedrick Wilson Jr.,2021,12.666666666666666,1.3333333333333333,32.333333333333336,22.333333333333332,279.0,2.6666666666666665,1.5666666666666667,11.233333333333333,7.5,1.6666666666666667,-0.3333333333333333,0.0,0.5,-0.03333333333333336,0.10000000000000002,24.0,278.6666666666667,1.0,16.0,4.0,61.0,45.0,602.0,6.0,2.8,13.4,9.9,2.0,11.0,0.0,5.5,0.7,0.1,47.0,613.0,3.0
Cam Sims,2021,9.5,3.5,18.5,12.25,178.75,0.75,0.85,10.625,7.0249999999999995,0.5,3.0,0.0,3.0,0.2,0.05,12.75,181.75,0.25,14.0,3.0,23.0,15.0,211.0,2.0,1.1,14.1,9.2,1.0,7.0,0.0,7.0,0.5,0.1,16.0,218.0,0.0
Stephen Sullivan,2021,2.0,0.0,0.5,0.0,0.0,0.0,0.0,0.0,0.0,0.0,0.0,0.0,0.0,0.0,0.0,0.0,0.0,0.0,3.0,0.0,1.0,0.0,0.0,0.0,0.0,0.0,0.0,0.0,0.0,0.0,0.0,0.0,0.0,0.0,0.0,0.0
Mitchell Wilcox,2021,15.0,1.0,5.0,3.0,16.0,0.0,0.2,5.3,3.2,0.0,0.0,0.0,0.0,0.0,0.0,3.0,16.0,0.0,15.0,1.0,5.0,3.0,16.0,0.0,0.2,5.3,3.2,0.0,0.0,0.0,0.0,0.0,0.0,3.0,16.0,0.0
Geoff Swaim,2021,9.857142857142858,6.285714285714286,16.0,12.571428571428571,99.14285714285714,0.7142857142857143,1.2857142857142858,7.757142857142857,6.385714285714285,0.0,0.0,0.0,0.0,0.0,0.0,12.571428571428571,99.14285714285714,0.0,16.0,16.0,40.0,31.0,210.0,3.0,1.9,6.8,5.3,0.0,0.0,0.0,0.0,0.0,0.0,31.0,210.0,0.0
Keelan Cole,2021,15.8,6.8,65.4,37.4,538.2,2.6,2.3600000000000003,14.680000000000001,8.48,0.4,1.6,0.0,1.6,0.1,0.04,37.8,539.8,0.8,15.0,11.0,51.0,28.0,449.0,1.0,1.9,16.0,8.8,0.0,0.0,0.0,0.0,0.0,0.0,28.0,449.0,0.0
Isaiah Hodgins,2021,1.0,0.0,0.0,0.0,0.0,0.0,0.0,0.0,0.0,0.0,0.0,0.0,0.0,0.0,0.0,0.0,0.0,0.0,1.0,0.0,0.0,0.0,0.0,0.0,0.0,0.0,0.0,0.0,0.0,0.0,0.0,0.0,0.0,0.0,0.0,0.0
Elijah Mitchell,2021,11.0,10.0,20.0,19.0,137.0,1.0,1.7,7.2,6.9,207.0,963.0,5.0,4.7,87.5,18.8,226.0,1100.0,0.0,11.0,10.0,20.0,19.0,137.0,1.0,1.7,7.2,6.9,207.0,963.0,5.0,4.7,87.5,18.8,226.0,1100.0,0.0
Anthony Firkser,2021,14.5,0.75,35.0,26.5,276.75,1.25,1.8,11.225,8.475,0.0,0.0,0.0,0.0,0.0,0.0,26.5,276.75,0.5,15.0,1.0,43.0,34.0,291.0,2.0,2.3,8.6,6.8,0.0,0.0,0.0,0.0,0.0,0.0,34.0,291.0,2.0
Anthony Schwartz,2021,14.0,2.0,23.0,10.0,135.0,1.0,0.7,13.5,5.9,6.0,39.0,0.0,6.5,2.8,0.4,16.0,174.0,0.0,14.0,2.0,23.0,10.0,135.0,1.0,0.7,13.5,5.9,6.0,39.0,0.0,6.5,2.8,0.4,16.0,174.0,0.0
Malcolm Brown,2021,11.0,0.7142857142857143,9.428571428571429,6.571428571428571,48.142857142857146,0.14285714285714285,0.6142857142857142,6.8428571428571425,5.014285714285714,47.285714285714285,187.57142857142858,1.7142857142857142,3.842857142857143,17.400000000000002,4.328571428571428,53.857142857142854,235.71428571428572,0.42857142857142855,7.0,3.0,5.0,3.0,10.0,0.0,0.4,3.3,2.0,33.0,125.0,1.0,3.8,17.9,4.7,36.0,135.0,0.0
N'Keal Harry,2021,11.0,6.0,34.333333333333336,19.0,199.33333333333334,1.3333333333333333,1.7,11.166666666666666,6.066666666666667,2.3333333333333335,16.333333333333332,0.0,3.266666666666667,2.3333333333333335,0.26666666666666666,21.333333333333332,215.66666666666666,0.6666666666666666,12.0,4.0,22.0,12.0,184.0,0.0,1.0,15.3,8.4,0.0,0.0,0.0,0.0,0.0,0.0,12.0,184.0,1.0
Mike Thomas,2021,11.0,0.3333333333333333,8.833333333333334,4.666666666666667,54.666666666666664,0.16666666666666666,0.3666666666666667,9.750000000000002,5.2,0.16666666666666666,0.16666666666666666,0.0,0.16666666666666666,0.016666666666666666,0.016666666666666666,4.833333333333333,54.833333333333336,0.5,12.0,1.0,11.0,5.0,52.0,0.0,0.4,10.4,4.7,0.0,0.0,0.0,0.0,0.0,0.0,5.0,52.0,0.0
Eric Tomlinson,2021,11.333333333333334,6.833333333333333,4.666666666666667,3.0,33.5,0.16666666666666666,0.2166666666666667,5.3500000000000005,4.016666666666667,0.0,0.0,0.0,0.0,0.0,0.0,3.0,33.5,0.0,17.0,7.0,1.0,1.0,7.0,0.0,0.1,7.0,7.0,0.0,0.0,0.0,0.0,0.0,0.0,1.0,7.0,0.0
Kendall Blanton,2021,6.0,1.0,3.5,2.0,18.5,0.0,0.2,4.65,2.65,0.0,0.0,0.0,0.0,0.0,0.0,2.0,18.5,0.5,11.0,2.0,7.0,4.0,37.0,0.0,0.4,9.3,5.3,0.0,0.0,0.0,0.0,0.0,0.0,4.0,37.0,1.0
Myles Gaskin,2021,11.333333333333334,5.666666666666667,40.666666666666664,32.333333333333336,224.33333333333334,2.0,2.6666666666666665,7.2,5.433333333333334,117.0,443.0,2.3333333333333335,3.766666666666667,37.800000000000004,9.833333333333332,149.33333333333334,667.3333333333334,1.3333333333333333,17.0,10.0,63.0,49.0,234.0,4.0,2.9,4.8,3.7,173.0,612.0,3.0,3.5,36.0,10.2,222.0,846.0,2.0
Josh Oliver,2021,9.0,1.0,10.5,6.0,40.5,0.0,0.7,6.15,3.45,0.0,0.0,0.0,0.0,0.0,0.0,6.0,40.5,0.5,14.0,1.0,15.0,9.0,66.0,0.0,0.6,7.3,4.4,0.0,0.0,0.0,0.0,0.0,0.0,9.0,66.0,1.0
Byron Pringle,2021,15.333333333333334,2.6666666666666665,31.0,22.333333333333332,299.3333333333333,2.3333333333333335,1.4333333333333333,13.333333333333334,9.833333333333334,0.0,0.0,0.0,0.0,0.0,0.0,22.333333333333332,299.3333333333333,0.6666666666666666,17.0,5.0,60.0,42.0,568.0,5.0,2.5,13.5,9.5,0.0,0.0,0.0,0.0,0.0,0.0,42.0,568.0,2.0
Dax Milne,2021,13.0,1.0,14.0,9.0,83.0,0.0,0.7,9.2,5.9,1.0,1.0,0.0,1.0,0.1,0.1,10.0,84.0,1.0,13.0,1.0,14.0,9.0,83.0,0.0,0.7,9.2,5.9,1.0,1.0,0.0,1.0,0.1,0.1,10.0,84.0,1.0
James Proche,2021,14.0,0.0,11.5,8.5,108.0,0.0,0.6000000000000001,13.3,7.4,0.0,0.0,0.0,0.0,0.0,0.0,8.5,108.0,0.0,14.0,0.0,20.0,16.0,202.0,0.0,1.1,12.6,10.1,0.0,0.0,0.0,0.0,0.0,0.0,16.0,202.0,0.0
Dwayne Washington,2021,11.833333333333334,0.3333333333333333,3.3333333333333335,2.5,15.666666666666666,0.0,0.2333333333333334,4.2,3.85,26.166666666666668,92.33333333333333,0.16666666666666666,4.033333333333333,8.166666666666666,2.5166666666666666,28.666666666666668,108.0,0.0,14.0,0.0,2.0,2.0,12.0,0.0,0.1,6.0,6.0,4.0,16.0,0.0,4.0,1.1,0.3,6.0,28.0,0.0
Tyrie Cleveland,2021,8.5,0.0,5.0,3.0,31.5,0.0,0.3,5.25,3.5,0.0,0.0,0.0,0.0,0.0,0.0,3.0,31.5,0.0,7.0,0.0,1.0,0.0,0.0,0.0,0.0,0.0,0.0,0.0,0.0,0.0,0.0,0.0,0.0,0.0,0.0,0.0
Jaelon Darden,2021,9.0,0.0,12.0,6.0,43.0,0.0,0.7,7.2,3.6,1.0,11.0,0.0,11.0,1.2,0.1,7.0,54.0,0.0,9.0,0.0,12.0,6.0,43.0,0.0,0.7,7.2,3.6,1.0,11.0,0.0,11.0,1.2,0.1,7.0,54.0,0.0
Tre' McKitty,2021,11.0,4.0,8.0,6.0,45.0,0.0,0.5,7.5,5.6,0.0,0.0,0.0,0.0,0.0,0.0,6.0,45.0,0.0,11.0,4.0,8.0,6.0,45.0,0.0,0.5,7.5,5.6,0.0,0.0,0.0,0.0,0.0,0.0,6.0,45.0,0.0
Spencer Brown,2021,4.0,0.0,0.0,0.0,0.0,0.0,0.0,0.0,0.0,0.0,0.0,0.0,0.0,0.0,0.0,0.0,0.0,0.0,4.0,0.0,0.0,0.0,0.0,0.0,0.0,0.0,0.0,0.0,0.0,0.0,0.0,0.0,0.0,0.0,0.0,0.0
Brevin Jordan,2021,9.0,2.0,28.0,20.0,178.0,3.0,2.2,8.9,6.4,0.0,0.0,0.0,0.0,0.0,0.0,20.0,178.0,0.0,9.0,2.0,28.0,20.0,178.0,3.0,2.2,8.9,6.4,0.0,0.0,0.0,0.0,0.0,0.0,20.0,178.0,0.0
Jalen Reagor,2021,14.0,12.0,55.5,32.0,347.5,1.5,2.3499999999999996,10.95,6.25,7.0,29.0,0.0,4.85,2.15,0.5,39.0,376.5,2.0,17.0,13.0,57.0,33.0,299.0,2.0,1.9,9.1,5.2,10.0,32.0,0.0,3.2,1.9,0.6,43.0,331.0,2.0
Tyler Davis,2021,11.0,0.0,3.5,2.0,17.5,0.0,0.15,4.4,3.5,0.0,0.0,0.0,0.0,0.0,0.0,2.0,17.5,0.0,14.0,0.0,5.0,4.0,35.0,0.0,0.3,8.8,7.0,0.0,0.0,0.0,0.0,0.0,0.0,4.0,35.0,0.0
Ben Ellefson,2021,6.0,2.0,2.5,0.5,5.0,0.0,0.05,5.0,1.25,0.0,0.0,0.0,0.0,0.0,0.0,0.5,5.0,0.0,5.0,0.0,1.0,0.0,0.0,0.0,0.0,0.0,0.0,0.0,0.0,0.0,0.0,0.0,0.0,0.0,0.0,0.0
Jack Stoll,2021,16.0,5.0,5.0,4.0,22.0,0.0,0.3,5.5,4.4,0.0,0.0,0.0,0.0,0.0,0.0,4.0,22.0,0.0,16.0,5.0,5.0,4.0,22.0,0.0,0.3,5.5,4.4,0.0,0.0,0.0,0.0,0.0,0.0,4.0,22.0,0.0
Simi Fehoko,2021,5.0,0.0,0.0,0.0,0.0,0.0,0.0,0.0,0.0,0.0,0.0,0.0,0.0,0.0,0.0,0.0,0.0,0.0,5.0,0.0,0.0,0.0,0.0,0.0,0.0,0.0,0.0,0.0,0.0,0.0,0.0,0.0,0.0,0.0,0.0,0.0
Ryan Griffin,2021,13.222222222222221,7.444444444444445,35.111111111111114,22.88888888888889,239.77777777777777,1.5555555555555556,1.7666666666666666,10.766666666666667,6.911111111111111,0.0,0.0,0.0,0.0,0.0,0.0,22.88888888888889,239.77777777777777,0.2222222222222222,14.0,12.0,42.0,27.0,261.0,2.0,1.9,9.7,6.2,0.0,0.0,0.0,0.0,0.0,0.0,27.0,261.0,1.0
Dezmon Patmon,2021,4.5,0.0,2.0,1.0,10.5,0.5,0.15,5.25,2.65,0.0,0.0,0.0,0.0,0.0,0.0,1.0,10.5,0.0,8.0,0.0,4.0,2.0,21.0,1.0,0.3,10.5,5.3,0.0,0.0,0.0,0.0,0.0,0.0,2.0,21.0,0.0
Justin Jackson,2021,10.75,1.75,19.75,16.25,127.0,0.0,1.5499999999999998,7.15,5.85,51.5,260.0,1.0,5.25,25.1,4.85,67.75,387.0,0.25,14.0,2.0,25.0,22.0,178.0,0.0,1.6,8.1,7.1,68.0,364.0,2.0,5.4,26.0,4.9,90.0,542.0,1.0
Kadarius Toney,2021,10.0,4.0,57.0,39.0,420.0,0.0,3.9,10.8,7.4,3.0,6.0,0.0,2.0,0.6,0.3,42.0,426.0,0.0,10.0,4.0,57.0,39.0,420.0,0.0,3.9,10.8,7.4,3.0,6.0,0.0,2.0,0.6,0.3,42.0,426.0,0.0
Trevon Wesco,2021,13.333333333333334,4.0,3.3333333333333335,2.0,29.0,0.0,0.16666666666666666,13.4,8.4,0.6666666666666666,0.6666666666666666,0.0,0.6666666666666666,0.03333333333333333,0.06666666666666667,2.6666666666666665,29.666666666666668,0.0,12.0,7.0,5.0,3.0,35.0,0.0,0.3,11.7,7.0,0.0,0.0,0.0,0.0,0.0,0.0,3.0,35.0,0.0
Kenny Golladay,2021,12.2,10.6,78.2,44.0,717.8,4.2,3.5800000000000005,16.3,9.32,0.4,3.4,0.0,3.4,0.26,0.04,44.4,721.2,0.4,14.0,14.0,76.0,37.0,521.0,0.0,2.6,14.1,6.9,0.0,0.0,0.0,0.0,0.0,0.0,37.0,521.0,0.0
Andy Isabella,2021,12.0,1.0,16.333333333333332,10.333333333333334,142.0,1.0,0.7666666666666667,14.9,11.299999999999999,1.6666666666666667,3.0,0.0,-0.7333333333333334,0.16666666666666666,0.13333333333333333,12.0,145.0,0.3333333333333333,8.0,0.0,1.0,1.0,13.0,0.0,0.1,13.0,13.0,0.0,0.0,0.0,0.0,0.0,0.0,1.0,13.0,0.0
Tylan Wallace,2021,17.0,1.0,6.0,2.0,23.0,0.0,0.1,11.5,3.8,0.0,0.0,0.0,0.0,0.0,0.0,2.0,23.0,0.0,17.0,1.0,6.0,2.0,23.0,0.0,0.1,11.5,3.8,0.0,0.0,0.0,0.0,0.0,0.0,2.0,23.0,0.0
Lil'Jordan Humphrey,2021,6.0,2.0,8.0,5.333333333333333,98.33333333333333,1.0,0.7666666666666666,11.5,7.666666666666667,0.0,0.0,0.0,0.0,0.0,0.0,5.333333333333333,98.33333333333333,0.0,10.0,4.0,18.0,13.0,249.0,2.0,1.3,19.2,13.8,0.0,0.0,0.0,0.0,0.0,0.0,13.0,249.0,0.0
Kyle Rudolph,2021,14.181818181818182,13.181818181818182,64.0,43.54545454545455,431.3636363636364,4.454545454545454,3.063636363636364,9.954545454545457,6.909090909090909,0.0,0.0,0.0,0.0,0.0,0.0,43.54545454545455,431.3636363636364,0.18181818181818182,16.0,13.0,39.0,26.0,257.0,1.0,1.6,9.9,6.6,0.0,0.0,0.0,0.0,0.0,0.0,26.0,257.0,0.0
Gary Brightwell,2021,13.0,0.0,1.0,1.0,6.0,0.0,0.1,6.0,6.0,1.0,4.0,0.0,4.0,0.3,0.1,2.0,10.0,0.0,13.0,0.0,1.0,1.0,6.0,0.0,0.1,6.0,6.0,1.0,4.0,0.0,4.0,0.3,0.1,2.0,10.0,0.0
Jody Fortson,2021,6.0,0.0,5.0,5.0,47.0,2.0,0.8,9.4,9.4,0.0,0.0,0.0,0.0,0.0,0.0,5.0,47.0,0.0,6.0,0.0,5.0,5.0,47.0,2.0,0.8,9.4,9.4,0.0,0.0,0.0,0.0,0.0,0.0,5.0,47.0,0.0
Jesper Horsted,2021,6.5,0.5,6.5,5.0,54.0,1.5,0.8,10.7,7.85,0.0,0.0,0.0,0.0,0.0,0.0,5.0,54.0,0.5,7.0,0.0,3.0,2.0,21.0,2.0,0.3,10.5,7.0,0.0,0.0,0.0,0.0,0.0,0.0,2.0,21.0,0.0
